customer_id,first_name,last_name,email,contact_number,DOB,Password
1,Meagan,Misk,mmisk0@twitter.com,9802852714,1999-02-12,QOsWLi
2,Opal,Cousans,ocousans1@google.ca,6226612715,1994-08-08,Dq4k3q5XVt
3,Almire,Hadeke,ahadeke2@elegantthemes.com,7575142310,1991-12-15,eYNefvHedO2
4,Albertine,McElrea,amcelrea3@msn.com,3492925857,1998-08-14,u2JBGTl8
5,Ephraim,Keeling,ekeeling4@booking.com,1415317726,1991-05-10,x7W8dzi6A
6,Domingo,Risely,drisely5@baidu.com,1014000247,1992-03-12,JdFPHa16H
7,Erminie,Bonome,ebonome6@xrea.com,4412000405,1990-06-26,EYHn7l
8,Jamesy,Shenton,jshenton7@opensource.org,7174219986,1991-04-11,UQVa3joHl
9,Alexine,Tellenbrook,atellenbrook8@auda.org.au,5907196788,1999-11-08,7B29xCR
10,Gill,Brundrett,gbrundrett9@ftc.gov,2372559608,1996-06-04,r2kJN9VylG0I
11,Wiatt,Lasty,wlastya@123-reg.co.uk,1037150262,1990-08-07,Da7i2hv
12,Loraine,Capron,lcapronb@scribd.com,1177041971,1997-01-06,CE6lN47vvifR
13,Broddie,Zelner,bzelnerc@salon.com,9218023605,1992-11-11,vto0CG
14,Audi,Remington,aremingtond@wikia.com,8749781739,1994-05-05,FgOltFG
15,Mercy,Winridge,mwinridgee@creativecommons.org,2611854287,1990-08-05,JxfOjdaDdsBP
16,Terencio,Valerio,tvaleriof@dedecms.com,6806715147,1992-12-28,Vg6JcCCNpq
17,Conan,Willows,cwillowsg@bing.com,3086361778,1993-03-05,qnSrFqWwT
18,Barrie,Mews,bmewsh@cdc.gov,6095757248,1996-06-17,a9Sj5t8
19,Gary,Chatel,gchateli@ucoz.ru,9768885356,1995-03-23,dQrVAv2NFDE
20,Adey,Crisall,acrisallj@pen.io,6415781950,1997-12-08,2nNlGEr2NBg
21,Benn,Camoys,bcamoysk@xinhuanet.com,7788633932,1992-01-30,Q0YRnY
22,Annabel,Barwell,abarwelll@live.com,7003053177,1994-03-28,TqWwc0
23,Sanderson,Jonson,sjonsonm@wp.com,2602690097,1999-04-17,ABtqZmBr
24,Arnie,Anear,aanearn@facebook.com,3763920519,1995-10-01,GUAL2CxFLd
25,Logan,Vanderson,lvandersono@indiatimes.com,3533696800,1997-02-01,Ju0d6UA0Ix
26,Westley,Patzelt,wpatzeltp@java.com,4151419803,1991-03-11,UDS5hR2QOc6
27,Gael,Minci,gminciq@delicious.com,6607094407,1996-03-14,NnWo3LZmU2tq
28,Alexandre,Ygou,aygour@nbcnews.com,8463240015,1996-02-22,1j8wzar
29,Timofei,Le Guin,tleguins@goo.gl,5556428058,1996-09-23,mZ2WnSMRyk
30,Imogen,Torrance,itorrancet@redcross.org,7181568702,1999-01-04,68lGQnSeRFH
31,Rosabelle,Murch,rmurchu@trellian.com,9769285704,1990-04-10,70gaTuBSA4
32,Guthrey,Ambrodi,gambrodiv@clickbank.net,1831744644,1993-03-20,NTvzGkkGLBSG
33,Edithe,Ellingworth,eellingworthw@chronoengine.com,3353257977,1998-11-06,6r8ciB
34,Ashli,Swinburne,aswinburnex@tripadvisor.com,4557990510,1992-07-28,JxURbvlUGWYm
35,Florrie,Jacqueminet,fjacqueminety@topsy.com,7865184076,1992-03-27,EOzYufXI
36,Colver,Proby,cprobyz@friendfeed.com,5798203955,1997-05-24,oGAOk1
37,Pamela,Duckett,pduckett10@ucoz.ru,7973148649,1998-09-13,PxOwwW
38,Cleopatra,Bradmore,cbradmore11@g.co,8727468430,1999-12-09,yjVM5Vk
39,Percival,Lowrie,plowrie12@archive.org,8759872915,1999-07-12,2aek1X
40,Thomasine,Lorraway,tlorraway13@bing.com,9479631997,1991-08-28,ww2E1JpOu6J
41,Jud,Spikins,jspikins14@sphinn.com,5942454232,1998-04-05,poYuAxW
42,Prentice,Burgwin,pburgwin15@businesswire.com,9273274251,1991-04-03,SOaqV8Oy4Em
43,Cinnamon,Longden,clongden16@abc.net.au,8419401511,1993-08-18,Kh2m7j
44,Othilia,Champneys,ochampneys17@indiegogo.com,4706569232,1993-06-19,p5Q2Wj
45,Cordy,Winter,cwinter18@scribd.com,7641017239,1995-02-12,VqsxFW5jlRoo
46,Randolph,Hune,rhune19@mit.edu,8519067847,1990-06-29,ec2RXC
47,Faunie,Bransdon,fbransdon1a@webs.com,1771931983,1993-05-26,8ryvW5
48,Dieter,Bligh,dbligh1b@phpbb.com,6212157377,1990-08-13,QMHE4nkvjU
49,Leonie,Dootson,ldootson1c@nifty.com,4163716133,1996-08-05,5Tkczb
50,Liane,Raft,lraft1d@walmart.com,1493390653,1997-12-06,kPB7OHiTOlJb
51,Kasey,Dakers,kdakers1e@bandcamp.com,5216316647,1993-10-07,WXrZTwo
52,Farrand,Calltone,fcalltone1f@people.com.cn,5828334748,1991-01-21,z6F7ZN2h4
53,Costa,Vaneschi,cvaneschi1g@noaa.gov,9593276997,1990-12-20,TchxgAH
54,Emelyne,Tyt,etyt1h@storify.com,5447561996,1994-08-16,RRNVRXm
55,Cornela,Wroe,cwroe1i@globo.com,3305076126,1996-01-02,4WjyThmyX2
56,Phillis,Gillings,pgillings1j@nyu.edu,4748030364,1992-08-29,8f5nZwzQks
57,Vergil,Perrott,vperrott1k@google.de,7065891238,1992-05-10,9nqSlcatNaPQ
58,Tiebout,Colloby,tcolloby1l@istockphoto.com,4067609274,1996-09-14,W8n3Azs9k
59,Theresa,Lynn,tlynn1m@si.edu,7281874206,1992-07-28,8kMvGz5BQyK
60,Leandra,Pettegre,lpettegre1n@cbslocal.com,7313607994,1995-12-15,xvVtArG
61,Joye,Twittey,jtwittey1o@census.gov,4932639726,1999-12-13,936rn0
62,Shelby,Hasloch,shasloch1p@t-online.de,4243147226,1998-01-30,pfclKh4AtNvC
63,Loralyn,Ballintyne,lballintyne1q@dagondesign.com,1719362281,1995-08-20,x3OIOJylQ
64,Fannie,Hickisson,fhickisson1r@epa.gov,8338934052,1999-05-20,jHECQZ
65,Amil,Moorhouse,amoorhouse1s@godaddy.com,5973375909,1996-12-16,25XfAG
66,Phaidra,Benko,pbenko1t@networkadvertising.org,4854786558,1992-02-20,x8ScRpve3ZXT
67,Anthia,McLoughlin,amcloughlin1u@ox.ac.uk,1396872722,1996-08-18,xadlVOYujpIU
68,Joeann,Sahlstrom,jsahlstrom1v@addtoany.com,3448234707,1997-01-07,QWW1uM
69,Kalinda,Sanday,ksanday1w@salon.com,2432670511,1995-11-05,x1kQc6mLP
70,Lindsey,Vidyapin,lvidyapin1x@miitbeian.gov.cn,2111264076,1995-06-26,RD6I8Pn2P
71,Valina,Pim,vpim1y@ustream.tv,8869802912,1991-10-24,KgbfkwTckaCR
72,Harmony,Pauling,hpauling1z@gmpg.org,3764877346,1996-09-30,J2YIfYB8
73,Koenraad,Kirley,kkirley20@arstechnica.com,2476974597,1996-08-18,6fW4eQSF
74,Ginnie,Mollnar,gmollnar21@epa.gov,9844668692,1998-06-12,1zoBZb
75,Trish,Dahlback,tdahlback22@ucla.edu,8633439725,1996-11-17,NKL2K9oNfcj2
76,Marshall,Hollingsbee,mhollingsbee23@dion.ne.jp,7685084859,1997-08-07,nljk6hI3Rf4
77,Janifer,Greeson,jgreeson24@qq.com,5236493275,1990-09-04,4U2aQw7Sh
78,Gianina,Molohan,gmolohan25@jugem.jp,8201631615,1993-09-11,zowdLLPQqcAM
79,Koralle,Staziker,kstaziker26@blogs.com,7667902982,1994-09-02,h6Ujnfw
80,Ewen,Shakespear,eshakespear27@ocn.ne.jp,1774124486,1996-08-09,QzElz9UKHG5X
81,Hildegaard,Spowart,hspowart28@mlb.com,1574120061,1999-09-12,eUctYR
82,Lavina,Newvell,lnewvell29@timesonline.co.uk,6423865321,1996-06-05,iBET52ChdtKn
83,Lizzie,Rosterne,lrosterne2a@eventbrite.com,6512824717,1997-04-08,hab5P0cZZ66K
84,Lanie,Capelow,lcapelow2b@bbc.co.uk,8014362981,1996-10-16,ct3zBnui
85,Ange,Iacovolo,aiacovolo2c@pagesperso-orange.fr,4385950635,1994-10-23,6jQZ3ge
86,Delbert,Georgeon,dgeorgeon2d@pbs.org,9351108264,1996-11-08,GFdnDNj
87,Meara,Stegers,mstegers2e@spiegel.de,9092054362,1991-11-30,3HR53m2ayX
88,Preston,Manske,pmanske2f@state.tx.us,2363433340,1998-09-20,J1UmG1zQ
89,Gnni,Huggons,ghuggons2g@senate.gov,5076154670,1996-01-07,198NUqBntg
90,Fonzie,Horlick,fhorlick2h@domainmarket.com,3688793093,1992-11-02,4IfoRnj
91,Fenelia,Tregust,ftregust2i@blinklist.com,1029857250,1999-10-23,v2HVf6c
92,Wilhelmina,Patzelt,wpatzelt2j@amazonaws.com,8734422505,1993-03-20,anr7k7
93,Sher,Barrus,sbarrus2k@sbwire.com,6659475924,1993-12-04,jZcksK0
94,Jill,Barrott,jbarrott2l@businessweek.com,2236554269,1994-04-15,nb0miZ3Yyqi2
95,Merle,Vynoll,mvynoll2m@cdbaby.com,6778085615,1990-10-10,OT0BTj4pMd5
96,Stephanie,Bang,sbang2n@networkadvertising.org,6584596566,1998-01-26,73ZVxemVN
97,Camala,Gallanders,cgallanders2o@mashable.com,1337875215,1991-01-05,tmumTro
98,Emelen,Paoloni,epaoloni2p@omniture.com,2246070451,1997-05-07,4AtSqE
99,Susi,Thurborn,sthurborn2q@naver.com,7733552914,1999-04-19,1I3nxcrqzrY
100,Ruddy,Hinckley,rhinckley2r@google.de,5829663563,1996-07-16,cEa9Z7
101,Sukey,Impey,simpey2s@xrea.com,5606153172,1991-10-30,AXfJucyZ
102,Morie,Bass,mbass2t@msu.edu,8136380760,1997-05-26,DGT1ct51DQb
103,Alford,Greed,agreed2u@jalbum.net,2828944900,1997-07-03,UFwfp9BU
104,Demetrius,Gaunt,dgaunt2v@columbia.edu,2602525961,1994-06-22,dcBFW0h
105,Thadeus,Sawney,tsawney2w@cornell.edu,6106903937,1996-06-03,e6669uHiZhZL
106,Marianna,Mariotte,mmariotte2x@aol.com,6352724012,1994-09-05,6AqZVm
107,Cristine,Eaddy,ceaddy2y@hatena.ne.jp,3561331773,1996-07-16,SH4mCJbz
108,Bill,Dollard,bdollard2z@techcrunch.com,9129789704,1996-12-07,hCI6zQqht4
109,Shirlee,Wonfar,swonfar30@shinystat.com,9157322950,1996-03-06,t5DiMljm3z
110,Alessandra,Coote,acoote31@blogspot.com,7228348798,1998-05-06,kTiHv2gz9
111,Lindy,Gosz,lgosz32@cnn.com,5007140468,1993-04-19,BF0fwnf
112,Helen-elizabeth,Jaine,hjaine33@guardian.co.uk,2645424784,1998-09-29,CamPJcYpskq1
113,Xylina,MacDunlevy,xmacdunlevy34@myspace.com,9347566395,1996-02-23,ERkVmAoYwf7
114,Frankie,Manssuer,fmanssuer35@skyrock.com,1343596284,1991-09-18,Y4grAFy
115,Leah,Castel,lcastel36@hao123.com,6903504732,1997-07-02,AE3VvYACdFA
116,Emeline,Dellenbroker,edellenbroker37@intel.com,5751383218,2000-01-13,Gl1omOgXmwU
117,Emilia,Twell,etwell38@businessinsider.com,7626226631,1998-05-08,2OQ4Dt7ZOfG
118,Lilias,Gallally,lgallally39@bbb.org,2004449244,1999-04-27,gc4hWdDbbBW
119,Darya,Nice,dnice3a@omniture.com,7091212499,1991-03-10,n8iaO0d
120,Sileas,Cove,scove3b@shop-pro.jp,4723842108,1994-04-04,aoyKhvs
121,Kris,Tacey,ktacey3c@gizmodo.com,8623278168,1994-08-29,Ufqffn3
122,Nessa,Seward,nseward3d@wordpress.org,1245058960,1999-01-23,MVrWuCGoV
123,Jedd,Fishpool,jfishpool3e@live.com,5459509923,1996-04-07,6xPZDxnlp
124,Brock,Lintill,blintill3f@go.com,3438971913,1996-07-29,HfqrrQy
125,Chauncey,Soan,csoan3g@unesco.org,2397615667,1993-11-08,IMdEte8lFb7f
126,Anna-diana,Crolla,acrolla3h@omniture.com,2791110058,1991-04-03,lAnHmou
127,Lexis,Trim,ltrim3i@mozilla.org,2203676119,1997-05-12,FMoXk5
128,Teddie,Behling,tbehling3j@aol.com,7564281146,1998-04-13,uHLvvVqtPur
129,Franklyn,Ellesmere,fellesmere3k@mac.com,3561875322,1991-10-04,Py6KphQPK8h
130,Zsazsa,Clementson,zclementson3l@odnoklassniki.ru,1864705513,1998-01-14,hcQpplbSmLAH
131,Paige,Firth,pfirth3m@jugem.jp,3623798847,1991-06-03,LC0hdU
132,Lonna,Cush,lcush3n@ebay.co.uk,5305087236,1999-04-24,hmRXM6kfo
133,Brenden,Ducker,bducker3o@barnesandnoble.com,7547607048,1993-11-01,DW4TPUwPkFyJ
134,Richmond,Malia,rmalia3p@nymag.com,9728427375,1995-05-24,FG081PT
135,Patrizia,Doswell,pdoswell3q@upenn.edu,4691705431,1998-01-22,oP1nV0TeA2Pk
136,Christi,Payn,cpayn3r@nydailynews.com,4648964914,1992-05-14,HYHIsf
137,Michel,Clibbery,mclibbery3s@clickbank.net,9739951796,1990-11-06,BhnYhieq
138,Kristian,Belshaw,kbelshaw3t@merriam-webster.com,4398452550,1992-09-30,0aWPMPO
139,Rollins,Wilton,rwilton3u@nature.com,8001511918,1994-05-08,oSOmlBX1
140,Sallie,Kindred,skindred3v@mac.com,2666023336,1994-04-04,rPzyDgSs4As
141,Bengt,Fifoot,bfifoot3w@skyrock.com,6361576654,1998-07-06,UTMu6So1hJ8
142,Christoffer,Jouanet,cjouanet3x@godaddy.com,9318734762,1998-03-07,81LQ6ze5us
143,Nappy,Roache,nroache3y@usatoday.com,2116152672,1998-06-16,NhviohYG
144,Kass,Cohen,kcohen3z@hexun.com,7183250459,1992-12-14,BrLInSlZeD1
145,Leigha,Puddifer,lpuddifer40@smugmug.com,5879161777,1998-02-11,fuEq34niWwY
146,Basil,Caple,bcaple41@infoseek.co.jp,4837690402,1997-04-14,nVTrp47eD
147,Eveleen,Fairhead,efairhead42@addthis.com,5576856159,1993-10-06,t2sVHjpe
148,Jone,Ferreira,jferreira43@vk.com,8477168241,1997-05-12,xLT4EK8UezEr
149,Pennie,Mosson,pmosson44@usnews.com,6344651723,1999-07-07,WbJkjtKGKwO
150,De witt,Hellmore,dhellmore45@deliciousdays.com,6612159705,1998-04-09,wPFhAAsY
151,Nico,Ritzman,nritzman46@disqus.com,5526919235,1995-11-26,lzjtg09H8CKY
152,Lucho,Schinetti,lschinetti47@dailymotion.com,1531827549,1995-07-03,udEToj4kpQ
153,Barnaby,Pharo,bpharo48@people.com.cn,2096419267,1994-07-27,ADrlUKNdP
154,Koralle,Kubik,kkubik49@state.tx.us,7743626978,1993-12-14,APLyrdQTm
155,Zebulen,Raynard,zraynard4a@t.co,3682522970,1997-10-15,kNqnOdQny
156,Adrienne,McDyer,amcdyer4b@digg.com,6179577480,1999-08-29,XvMiQXbOr
157,Brent,Lawlan,blawlan4c@census.gov,1457512077,1996-11-29,ZiqgSu9uM
158,Giovanni,McKibbin,gmckibbin4d@cam.ac.uk,6958453761,1999-05-01,yNnXTbhOsS
159,Velma,Swalteridge,vswalteridge4e@ucsd.edu,5752039291,1990-04-17,yp9nlfSv2pTG
160,Cristiano,Shord,cshord4f@chronoengine.com,8562754629,1999-08-28,l5qUKSL87S
161,Chloe,Mapledoram,cmapledoram4g@google.fr,5841218050,1996-04-10,X8QJlIBl
162,Antoine,Paddock,apaddock4h@plala.or.jp,3218509707,1991-07-24,11zfYW2wenr0
163,Willdon,Bunclark,wbunclark4i@dyndns.org,8896491814,1995-02-24,IJi9jjTORTC
164,Ransell,Shevlan,rshevlan4j@weebly.com,8962754898,1999-03-07,RiVLf9HG
165,Adena,MacElane,amacelane4k@naver.com,2937532736,1991-01-10,wOCBdfO
166,Geoffrey,Weatherell,gweatherell4l@twitpic.com,1564874366,1998-07-16,6MAezqCdzYZ3
167,Helaina,Megroff,hmegroff4m@economist.com,5572901247,1994-04-12,y7lsmMD
168,Antoinette,Bouchier,abouchier4n@goodreads.com,6726017311,1995-09-10,3H5jDBbmcuXy
169,Ludwig,Welfair,lwelfair4o@gov.uk,9193574624,1999-08-27,wkUhjud
170,Timothy,Duckitt,tduckitt4p@trellian.com,7688947709,1999-03-26,5ImMce
171,Otha,Baulcombe,obaulcombe4q@myspace.com,2246241609,1997-04-01,45PvvEPmW
172,Giralda,Mullan,gmullan4r@dailymotion.com,4428185796,1994-09-06,F0ihjmjZz
173,Quill,Wasmer,qwasmer4s@constantcontact.com,3526560520,1991-05-18,CWc1EmgVSU1
174,Jenelle,Flacke,jflacke4t@free.fr,8633506615,1994-12-31,7YIJyl9tpc8Q
175,Devan,Purrington,dpurrington4u@noaa.gov,3905755440,1999-07-06,rvKkFw0
176,Malva,Winterburn,mwinterburn4v@merriam-webster.com,6224531051,1995-03-26,B8VG1V74E
177,Leonanie,Hamman,lhamman4w@disqus.com,2813723364,1996-08-10,e119JbM
178,Jerry,Slimings,jslimings4x@goo.gl,2689317407,1996-02-02,hiRo7C12Dtv
179,Arlette,Sygrove,asygrove4y@alexa.com,1331896751,1998-11-21,MnklkAMUCHne
180,Luisa,MacCorkell,lmaccorkell4z@chron.com,3049031980,1991-04-13,wmS5GUtz
181,Roderigo,Yeates,ryeates50@about.com,4391840432,1994-11-12,UueORHlMohyj
182,Janette,Ziemecki,jziemecki51@amazon.co.uk,7377341143,1995-10-14,MxpcV92s9
183,Clair,Woodwind,cwoodwind52@dagondesign.com,7612088652,1994-11-27,lzUqKA5
184,Toma,Suermeier,tsuermeier53@uol.com.br,2917845809,1995-01-28,IP9qHVKjPJ
185,Coleen,O' Meara,comeara54@barnesandnoble.com,9899345323,1996-09-29,7iXe92
186,Meridel,Titcumb,mtitcumb55@github.com,6891023547,1997-10-28,bG9lt8E
187,Gerard,Pickles,gpickles56@mtv.com,5161789623,1993-09-08,axA5B9jy
188,Allix,Sulter,asulter57@amazon.de,1212872685,1994-02-02,0McrnR
189,Adolpho,Stothert,astothert58@go.com,4694218536,1995-10-13,rpMSWc
190,Yvon,Brito,ybrito59@qq.com,2367531497,1995-12-29,eh2GDTawV84
191,Trisha,Gurge,tgurge5a@parallels.com,4834314877,1999-04-20,lG7sWljDk
192,Fancy,Yesinin,fyesinin5b@cnet.com,5181991161,1997-07-17,YsC4jnnmRAEI
193,Nancie,Bransby,nbransby5c@sakura.ne.jp,6153830421,1998-08-09,1VhZbCE
194,Winthrop,Rennard,wrennard5d@fotki.com,7586072708,1999-07-09,4guhSs356
195,Bambi,Stoyle,bstoyle5e@purevolume.com,5333436701,1997-05-10,98Hd1Zplh
196,Ebba,Saberton,esaberton5f@live.com,2908785310,1998-12-25,d9zav7J
197,Doyle,MacCracken,dmaccracken5g@discuz.net,7578708262,1999-08-31,dQZLcFZ
198,Gardy,d' Eye,gdeye5h@opensource.org,7078776054,1996-08-12,vCOXYA
199,Haskel,Boord,hboord5i@free.fr,8001921989,1991-07-13,1NB97xjs
200,Brana,Fredi,bfredi5j@stanford.edu,8301318028,1993-11-19,3yYGYln9sH6G
201,Jarad,Sydry,jsydry5k@printfriendly.com,8139880001,1999-08-09,eLLos9
202,Marlow,Ellesworthe,mellesworthe5l@elpais.com,7119254896,1992-12-03,oYg4HEGXa
203,Brigg,Reaman,breaman5m@about.com,1232770143,1994-09-10,cNfGcBzpuQVp
204,Zara,Glasscott,zglasscott5n@google.co.uk,1296935460,1993-09-18,zz7vwKRZZt
205,Kathleen,Penddreth,kpenddreth5o@ow.ly,3514349388,1996-03-17,h6Jxl9RVB
206,Goraud,Weigh,gweigh5p@mapy.cz,2635329847,1993-01-31,vN7G8JwMe0o8
207,Umberto,Newbatt,unewbatt5q@freewebs.com,2639989245,1991-02-05,swFnrG
208,Seline,Ziemsen,sziemsen5r@newyorker.com,8134203898,1994-11-09,yooiYiN
209,Claudie,Pyson,cpyson5s@merriam-webster.com,3277178567,1996-03-23,iJ1BUjlN
210,Hodge,Scipsey,hscipsey5t@deviantart.com,7401185093,1991-07-08,qumwz9fy7
211,Atlante,Rous,arous5u@techcrunch.com,4058796752,1991-12-23,uanTTNsD
212,Rhea,Egdell,regdell5v@tripadvisor.com,5781067090,1991-06-26,H6ZfKDjKpQDO
213,Julie,Minty,jminty5w@amazon.co.jp,3282020045,1992-01-12,rIs1Oh
214,Vin,Idwal Evans,vidwalevans5x@blogger.com,9772933760,1998-09-15,jcRmqT
215,Davis,Slocumb,dslocumb5y@imdb.com,4475851742,1996-08-12,ghaU7CZLXF
216,Zorina,Buckerfield,zbuckerfield5z@yellowbook.com,5799936379,2000-01-13,XVAJB0n2KxNx
217,Josi,Yesenin,jyesenin60@si.edu,5634414432,1991-09-27,j1fNdHHRAFM
218,Alfie,Babin,ababin61@google.com.hk,5477971375,1999-02-03,AFS1Bo6Oc
219,Gaylor,Bembridge,gbembridge62@dell.com,1402371521,1994-12-18,TBBAptY0
220,Vanya,Fidilis,vfidilis63@mashable.com,2379615122,1990-04-11,KHFgJq
221,Abby,Boswood,aboswood64@nytimes.com,7763754270,1997-06-22,B6DdZA9C
222,Eimile,Ratray,eratray65@nifty.com,9255250752,1990-07-23,YvYh3VJf5Ii
223,Jervis,Cridlan,jcridlan66@samsung.com,9448254972,1995-05-25,Mpe63W
224,Nadine,Casebourne,ncasebourne67@illinois.edu,9201019366,1991-01-18,SSwau8MfzxE
225,Rahal,Rockliffe,rrockliffe68@sourceforge.net,4274300969,1995-03-05,DQlB1H
226,Doyle,Vest,dvest69@example.com,2995463010,1994-03-15,Ol5Ezchh4
227,Danell,Karpe,dkarpe6a@indiegogo.com,6833800238,1996-04-12,6MSvXoNOYPfU
228,Rriocard,O'Bradden,robradden6b@ed.gov,2675245595,1997-04-19,Uyxo6PWj
229,Wenona,Hartas,whartas6c@studiopress.com,4203100056,1996-10-25,qH8j6ayL
230,Minne,Ough,mough6d@last.fm,4111534052,1995-08-13,XVEOlhqaSu
231,Jocelyne,Fieldstone,jfieldstone6e@ameblo.jp,3582647103,1999-12-14,bnwe7wt
232,Modesta,Noddles,mnoddles6f@behance.net,2569070853,1991-11-17,Xh4GUfKOv1Xa
233,Appolonia,Bassano,abassano6g@issuu.com,3357897109,1998-04-04,7WATUXeIUHO
234,Annabela,Starkings,astarkings6h@twitter.com,4889937102,1998-07-16,XkKVJitL8Ys
235,Lorraine,Willerton,lwillerton6i@linkedin.com,3378986098,1998-02-27,Xewvmdkcdv8
236,Adrian,Larimer,alarimer6j@time.com,9649780601,1990-06-04,6JHSmt0qjCJa
237,Bradney,Limpricht,blimpricht6k@opensource.org,3405722561,1997-02-12,Xhz2KtmwKaaU
238,Minta,Conigsby,mconigsby6l@blinklist.com,6219189591,1990-12-11,BoZ2yothkAy
239,Charity,Shelvey,cshelvey6m@amazon.co.uk,1102272603,1999-10-04,c9k5pD
240,Robenia,Gannicott,rgannicott6n@virginia.edu,6922694187,1992-12-11,bRakcVEF
241,Shirlee,McClaughlin,smcclaughlin6o@istockphoto.com,2271415502,1992-03-16,k4Tq3OuS1
242,Cornie,Broggio,cbroggio6p@msn.com,6976688238,1992-02-03,qAq3xH
243,Nathan,Milbourn,nmilbourn6q@state.gov,4684496857,1999-05-01,cRvmZyy
244,Arleen,Thorouggood,athorouggood6r@bing.com,7544070000,1991-10-05,7Nk6b9TbM8h
245,Fergus,Peirson,fpeirson6s@state.gov,8313518843,1995-12-04,LosN9k
246,Madonna,Lardier,mlardier6t@independent.co.uk,8261279751,1998-08-04,Tkn608pGXNDE
247,Jany,Vears,jvears6u@dell.com,9136033210,1995-05-29,UYWVVPLOCp
248,Gustaf,Baldick,gbaldick6v@state.gov,5857403645,1994-10-28,kMFXZp9a
249,Krystle,Searjeant,ksearjeant6w@google.it,4977626514,1997-11-12,GW1ydjIg
250,Jarret,Remon,jremon6x@ebay.co.uk,5793688569,1997-06-27,NDBXr7
251,Walton,Kimmings,wkimmings6y@comsenz.com,5564794255,1990-01-17,McKVhx7L0B
252,Vachel,Schwandt,vschwandt6z@go.com,4149595364,1992-04-06,zYLU1yIQ
253,Alidia,McIlwraith,amcilwraith70@google.com.au,9394302290,1998-07-12,W4OAtPEk
254,Ilka,Buddleigh,ibuddleigh71@sourceforge.net,6094923279,1992-12-10,CGXIFn
255,Hetty,Lagadu,hlagadu72@theatlantic.com,2865181043,1996-05-26,JWMeVbpkNm5D
256,Herminia,Bausmann,hbausmann73@geocities.com,2852288733,1996-08-07,Rw6QaIoGRWKe
257,Eula,Slopier,eslopier74@nasa.gov,3593621362,1998-04-22,2nJvukey
258,Guillermo,Vero,gvero75@technorati.com,1056474080,1991-06-30,UMJTHii
259,Issiah,Asbery,iasbery76@whitehouse.gov,1313755840,1993-04-12,IIIU7yC4k6Zm
260,Sollie,Winger,swinger77@sourceforge.net,1883045824,1992-09-02,iOaZlE0bYeOy
261,Colly,Pigden,cpigden78@tamu.edu,3297341177,1992-03-11,WUEzeKA31
262,Ansell,Bellany,abellany79@seattletimes.com,7739096226,1991-12-17,yTZVlu0
263,Lavinie,Chaize,lchaize7a@taobao.com,9397871872,1992-10-14,1DQhpAjHyrNN
264,Loralie,Goodband,lgoodband7b@51.la,2008389089,1995-10-02,pUV2pA
265,Ramsay,Codman,rcodman7c@wired.com,9618372982,1998-07-01,DRrj8WUOlqFn
266,Avigdor,Thacke,athacke7d@networksolutions.com,3485734288,1999-02-21,Ie8i2zuT
267,Odele,Hunnywell,ohunnywell7e@discovery.com,2522415745,1999-03-18,lS4P8YG2bXYu
268,Elysia,Lince,elince7f@netscape.com,8038141815,1992-08-26,Xv2KXcgC7a
269,Robbie,Magrannell,rmagrannell7g@hp.com,4322652047,1995-02-18,cTWMGkxcs7z
270,Ebeneser,Durrell,edurrell7h@reddit.com,1049245612,1996-04-17,HHBWQK175He
271,Alanson,Sangwine,asangwine7i@typepad.com,6226270023,1997-06-20,kLIvMiVj
272,Gavra,Zellmer,gzellmer7j@taobao.com,4686415411,1999-04-23,c33fvhOTIjD
273,Arleen,Curds,acurds7k@opensource.org,2912784705,1998-02-20,T76RP5
274,Jeanine,Torr,jtorr7l@prnewswire.com,4156289137,1994-03-22,mSvTc1Tz
275,Codie,Pick,cpick7m@friendfeed.com,2338940629,1995-08-05,dkHxpAQjdn
276,Kala,Baudacci,kbaudacci7n@indiatimes.com,3905986374,1993-07-02,4IFXxhLt
277,Dore,Oliva,doliva7o@example.com,3359179992,1990-07-30,8BpRTWJ
278,Prudence,Beales,pbeales7p@imdb.com,8746457711,1996-12-20,ulX0km
279,Alayne,Stringfellow,astringfellow7q@is.gd,6267866841,1994-06-07,Sf2D3EDMw
280,Kailey,Kleinplac,kkleinplac7r@samsung.com,3768191993,1993-12-25,8SP7gf
281,Abram,Pimbley,apimbley7s@printfriendly.com,9342444314,1993-12-11,OvWdrgWM3nMY
282,Georgette,Nethercott,gnethercott7t@dailymail.co.uk,7245883307,1995-04-19,z7TbVoJ
283,Faustine,O'Shee,foshee7u@marriott.com,9226665572,1996-03-18,IBsTPQ4MKG
284,Astrix,Romanski,aromanski7v@facebook.com,9278547322,1990-10-20,pO3nry
285,Colline,Eede,ceede7w@vk.com,9128754406,1995-03-27,iJU5Wu0bKx
286,Tallie,Elmes,telmes7x@bbb.org,2113136635,1991-07-28,qMkvx4Pt25ID
287,Shay,Scutchin,sscutchin7y@altervista.org,8334349726,1992-07-02,jRrgtX2
288,Pippa,Crossley,pcrossley7z@privacy.gov.au,1987385099,1998-12-08,UehmThK7ZSEI
289,Hermie,Lovelady,hlovelady80@gmpg.org,5841582789,1992-12-30,De4TU3CI
290,Lorraine,Spellessy,lspellessy81@flavors.me,5677527891,1992-08-07,RTYm6o2FuQj
291,Berk,Yakobovitz,byakobovitz82@reddit.com,8614585114,1993-08-16,GrSYzTWvHq
292,Efrem,Vasentsov,evasentsov83@nyu.edu,3589575666,1990-06-02,oJXk7NkGgaC
293,Sydney,Ricciardello,sricciardello84@cam.ac.uk,8987951409,1991-11-02,jR1nDd
294,Perri,Botly,pbotly85@vistaprint.com,6899421177,1996-08-01,FxXPqh
295,Vonnie,Chester,vchester86@bbb.org,1901469883,1995-05-08,KEJ0cCjsxf
296,Fonz,MacKessock,fmackessock87@nationalgeographic.com,9387860971,1990-05-20,jgk6XEkz8usW
297,Celia,Aslott,caslott88@hexun.com,2025114586,1992-04-07,mTzKlOu
298,Jeffy,Skippen,jskippen89@twitpic.com,9703803003,1993-06-07,LUcPb0fL
299,Packston,Simnett,psimnett8a@paypal.com,1562140697,1990-10-09,n1PeZh1hs
300,Abby,Nodin,anodin8b@dailymotion.com,9719000106,1995-03-02,ob3CHWT8byaX
301,Wit,Lensch,wlensch8c@buzzfeed.com,3492004318,1999-12-04,j1nHT07cZ
302,Brana,Tait,btait8d@who.int,1352422880,1990-01-19,7rmgUODqf
303,Elsy,Ingarfield,eingarfield8e@pcworld.com,1687792927,1997-07-18,2eQ1vCsob
304,Jackelyn,Choppin,jchoppin8f@archive.org,9581831570,1997-06-19,NC8t2hb
305,Dorree,Szreter,dszreter8g@loc.gov,3917801359,1993-12-01,I0I5OQkE1mY
306,Costa,Alford,calford8h@pinterest.com,6558649013,1995-09-28,vaghOJ3Ku
307,Caterina,Spacy,cspacy8i@ameblo.jp,4421166871,1990-06-26,6v3He7
308,Mala,Slaten,mslaten8j@smh.com.au,2229507922,1996-12-25,UrklnAbR
309,Ogden,Cregeen,ocregeen8k@google.es,8816226816,1994-04-12,3yy5sz7Ud
310,Hussein,Ormshaw,hormshaw8l@hatena.ne.jp,1786610474,1992-06-19,pMFBbqed
311,Thomasin,Ower,tower8m@creativecommons.org,4689312666,1990-01-07,i1l7TCEh1wW
312,Alvy,Kobieriecki,akobieriecki8n@yahoo.co.jp,4678760671,1994-07-12,9iZkmMl
313,Karleen,Rhubottom,krhubottom8o@go.com,8842120398,1990-02-22,GV7cWHQ4C
314,Elwira,Emes,eemes8p@github.io,9847052271,1995-05-22,pcsceizNf2
315,Dionisio,Kidson,dkidson8q@toplist.cz,3066889022,1993-04-17,iVlcXgSx
316,Marna,Cianni,mcianni8r@dedecms.com,5111382625,1990-12-27,gC1yNleLxBB
317,Aryn,Goodfellowe,agoodfellowe8s@hatena.ne.jp,7688091264,1995-04-10,tz7BIm
318,Gunner,Tatchell,gtatchell8t@mysql.com,1678314796,1990-03-14,vtRmjob
319,Elbertina,Griniov,egriniov8u@cloudflare.com,5851174115,1993-01-29,oo2HK2D2nwUq
320,Teddy,Bamlett,tbamlett8v@histats.com,2013119429,1991-05-08,0O6BCx
321,Lorens,Shelly,lshelly8w@comcast.net,6244974701,1996-05-29,BRnkfKmwE
322,Gerry,Atkins,gatkins8x@prweb.com,6991157523,1995-03-14,AFJvw9
323,Bram,Lindstedt,blindstedt8y@ebay.co.uk,2977990241,1990-08-18,XRxVuyw
324,Amargo,Penney,apenney8z@php.net,4049055992,1990-12-07,yhPk1Za
325,Mano,Bale,mbale90@youku.com,3184094819,1993-05-04,SbBMCtLmx
326,Kameko,Dickie,kdickie91@nature.com,5547104244,1993-02-26,AFNsTvRK
327,Philomena,Gallandre,pgallandre92@yolasite.com,5663866211,1993-10-17,cLxqemkyQwF
328,Immanuel,Bubear,ibubear93@admin.ch,6968495302,1990-10-04,CS8sz1HQ5x
329,Arnoldo,Davage,adavage94@youtu.be,6814921797,1997-09-22,f7yXrd4UEbmW
330,Arlen,Finden,afinden95@adobe.com,7162196827,1991-08-24,o0CVmc
331,Nanon,Daybell,ndaybell96@acquirethisname.com,5826820210,1998-07-28,vu6zKB
332,Rebecca,O'Sullivan,rosullivan97@ebay.com,1392936187,1999-06-06,jZgzTf3MTb2D
333,Zollie,Chiddy,zchiddy98@mail.ru,1843290026,1990-05-28,KwxM1Pgon
334,Lari,Onians,lonians99@posterous.com,7497186976,1993-12-05,37KpJzMLzIO
335,Claudio,Lasham,clasham9a@studiopress.com,4458179068,1991-03-07,otz2vwZhm
336,Iago,Doe,idoe9b@typepad.com,2659174289,1994-03-05,Jn5GgYpgXfOf
337,Zebulen,Fewkes,zfewkes9c@alexa.com,5423792319,1992-03-05,ZZ9sps7WAh
338,Gavra,Goldster,ggoldster9d@wsj.com,3837135883,1998-08-03,PmSGtG
339,Padraic,Eastop,peastop9e@nih.gov,8975220082,1999-03-11,ur4uVt0
340,Tatiania,Ayce,tayce9f@mlb.com,6988934531,1998-06-04,aFekfCPQwiPE
341,Jerry,Eccleshare,jeccleshare9g@chronoengine.com,1539994968,1991-09-20,GJDK0vCM
342,Pippa,Blaksland,pblaksland9h@addthis.com,8446600144,1990-06-23,Xv6n7za
343,Robert,Wollard,rwollard9i@cdc.gov,7187188557,1991-09-11,Y8bzIQrK0WD
344,Vaclav,Crean,vcrean9j@squarespace.com,2821627886,1994-06-21,vj2nE1zhc
345,Carmel,Agates,cagates9k@huffingtonpost.com,7956210002,1997-09-25,2qoyr89ogEpM
346,Alena,Balnave,abalnave9l@ow.ly,2088912654,1996-10-21,IPAWQv1pZ0qQ
347,Jordan,Dorn,jdorn9m@eventbrite.com,8872450422,1994-06-25,hlSq9eWPC
348,Spike,Jesteco,sjesteco9n@usgs.gov,8005490582,1997-12-14,ME4hYeti
349,Paula,Dyerson,pdyerson9o@xrea.com,7299788112,1997-02-24,bcuGEL9VxpC
350,Ford,Kunzel,fkunzel9p@bandcamp.com,2324503213,1997-05-06,Q23WNJxK
351,Caria,Pawlick,cpawlick9q@tripadvisor.com,8972108992,1996-01-10,QDjOh1Drnxiu
352,Gardiner,Pugsley,gpugsley9r@livejournal.com,9403803294,1992-05-20,9Bu7coK5r
353,Robbie,Macura,rmacura9s@plala.or.jp,4366472213,1998-09-06,YrdKf9
354,Chloette,Southerell,csoutherell9t@cloudflare.com,7951016915,1993-01-24,NkFbxMj0
355,Zelig,Hunting,zhunting9u@spiegel.de,8841610562,1996-01-09,2WvdfH
356,Tobe,Tewkesbury,ttewkesbury9v@phpbb.com,2352571291,1994-05-12,on6uo7bz9My
357,Shamus,Halleybone,shalleybone9w@vimeo.com,9591726175,1992-11-02,oVx5fhN3sDqy
358,Farrell,Steggals,fsteggals9x@php.net,8594118867,1992-11-08,PnzfKqSRLKq
359,Bret,Barnicott,bbarnicott9y@barnesandnoble.com,6091744783,1996-04-27,B5xZn8
360,Hanni,Robers,hrobers9z@mozilla.com,8602003075,1994-01-29,TtGMGS
361,Nedda,Stedson,nstedsona0@msu.edu,4102901702,1993-11-20,clXHldJK2UT3
362,Penni,Poynor,ppoynora1@cafepress.com,9407899988,1995-10-12,rFa5QF5qLID
363,Mariel,Garm,mgarma2@vinaora.com,4344619259,1993-08-09,ruKASE6jmSW
364,Antonio,Pleager,apleagera3@va.gov,5536974341,1997-05-29,t7YVuerTsL
365,Donia,Crossgrove,dcrossgrovea4@auda.org.au,9564251851,1996-09-05,3Xk2TNv
366,Ervin,Lafontaine,elafontainea5@army.mil,7316053473,1995-10-26,moP5K6u5qrD
367,Konstanze,Eich,keicha6@drupal.org,3044702071,1993-05-30,RAAmN7i1
368,Candida,Quarrie,cquarriea7@salon.com,2846203800,1991-05-31,3kBhODk
369,Piotr,Leyson,pleysona8@mozilla.org,7133412372,1996-08-10,gEefvbnDcg3
370,Brad,Shingfield,bshingfielda9@yahoo.co.jp,8622176823,1992-11-13,Un0WAzk
371,Marrilee,Birwhistle,mbirwhistleaa@netlog.com,6706547806,1996-09-21,ivKfaPCxb
372,Meris,Goscar,mgoscarab@bloomberg.com,2256227924,1998-11-11,LJxplp
373,Danice,Guitton,dguittonac@plala.or.jp,6793597082,1999-11-15,yWg56yvrYNh
374,Rudolfo,Vink,rvinkad@cisco.com,2095663198,1998-04-10,WekBRquOORS
375,Fritz,Stannering,fstanneringae@rediff.com,9917813342,1998-07-02,WoRqAz
376,Gabriele,Antal,gantalaf@multiply.com,5761913491,1990-05-20,wj8W9e7Hb0Z
377,L;urette,Pridgeon,lpridgeonag@fc2.com,7396351181,1991-02-19,LIXJUxgj
378,Deidre,Guerin,dguerinah@patch.com,5045283265,1991-01-20,en7xvu3stAX
379,Pernell,Jobin,pjobinai@netlog.com,6491011224,1991-02-18,XlTZp51Q
380,Josh,Bendan,jbendanaj@loc.gov,5381347537,1998-05-22,TrvDvN
381,Della,Fountain,dfountainak@illinois.edu,1854851300,1991-07-27,CVn8PzzHwFXM
382,Clarice,Hogbin,chogbinal@scientificamerican.com,7752692226,1996-03-17,ZxTv5sObJ
383,Christie,Deplacido,cdeplacidoam@is.gd,9577169663,1998-10-30,xva4wKRe5v
384,Trevar,Zanioletti,tzaniolettian@zimbio.com,9511605046,1992-03-09,JaJusy
385,Durant,Adolfson,dadolfsonao@mapy.cz,5232851160,1998-08-03,7zHmC9b
386,Faith,Walcher,fwalcherap@pen.io,9077757185,1998-12-25,JEeKQ6RyuheK
387,Brigitta,Excell,bexcellaq@trellian.com,5231819848,1998-08-19,eAx6UvRWC
388,Parnell,Prandoni,pprandoniar@google.cn,9976501624,1995-03-30,DvUXsEKEy
389,Elmer,Petera,epeteraas@squarespace.com,3146467932,1995-04-21,n0SpTO
390,Karina,Meco,kmecoat@mapy.cz,5631242910,1997-11-03,rEcwXt14R
391,Annabelle,Heephy,aheephyau@guardian.co.uk,6954160330,1998-05-08,BojHeDXHY2
392,Benjamen,Merwood,bmerwoodav@privacy.gov.au,7684457167,1999-03-06,ksogxE53u
393,Lutero,Vautre,lvautreaw@mashable.com,9852627322,1994-08-22,oLa12LLAFjo1
394,Reena,Fernanando,rfernanandoax@archive.org,2753621892,1992-01-26,SjfAgfwgvI6
395,Mikkel,Galero,mgaleroay@lycos.com,7649452358,1992-05-04,SNaxxQlLyq
396,Ira,Driver,idriveraz@drupal.org,6194020030,1999-11-18,hkxtNlHh
397,Louise,Byass,lbyassb0@nba.com,9564565316,1996-08-01,SVwpav
398,Marcia,Goodsal,mgoodsalb1@huffingtonpost.com,4861810935,1991-09-26,E0qfurdxx2
399,Yvette,Rudeyeard,yrudeyeardb2@zdnet.com,7634970159,1992-12-19,9O6sGwnwG
400,Bartholomeus,Standish-Brooks,bstandishbrooksb3@infoseek.co.jp,6374621347,1994-04-23,lOFEQZuU6clB
401,Lexi,Pogosian,lpogosianb4@instagram.com,6136742253,1995-07-07,zAw3PM3
402,Broddie,Muslim,bmuslimb5@mediafire.com,4816180768,1999-11-01,wjZMeBDQR
403,Winny,Andrzejowski,wandrzejowskib6@unblog.fr,8607931602,1997-01-25,BlNE0eSf9IF
404,Yolanthe,Tatteshall,ytatteshallb7@youtube.com,5417294362,1993-05-14,hVTxMv
405,Gaven,Antill,gantillb8@usnews.com,9303358749,1994-10-28,Bi9Ed9FmK49i
406,Amil,Siggens,asiggensb9@slashdot.org,6677599793,1997-01-22,pghoWRId4ll0
407,Elinor,Deek,edeekba@census.gov,2419815858,1995-01-12,Ho9lXbxs
408,Jose,Ioselev,jioselevbb@google.ca,9025185584,1996-02-03,1RKc8ww
409,Barnard,Boatwright,bboatwrightbc@macromedia.com,3907599314,1999-11-04,xEDm1B8HjM
410,Annis,Lambillion,alambillionbd@intel.com,9445237431,1991-10-19,UdQMTB0yEO3
411,Candi,Drydale,cdrydalebe@free.fr,2439459585,1997-08-03,dOzPbypE
412,Say,Barradell,sbarradellbf@google.pl,3771991284,1990-04-10,U9gtYPgvoFV
413,Jaquelyn,Barnfield,jbarnfieldbg@istockphoto.com,1346074973,1997-04-08,VBqtGk
414,Lois,Grewe,lgrewebh@washingtonpost.com,3611104955,1994-07-08,hy9no26usfef
415,Mil,Courtier,mcourtierbi@stumbleupon.com,1668334877,1992-07-16,B78Bume7Oe
416,Dennie,Veighey,dveigheybj@nydailynews.com,6472080477,1992-01-28,r03cRswxLLt
417,Adamo,Whimp,awhimpbk@chron.com,5704424544,1993-10-20,Xdlz6NlD
418,Nicolai,MacAless,nmacalessbl@behance.net,4662569527,1995-07-15,zdLqKSN7VL
419,Dame,Marquez,dmarquezbm@wordpress.org,5757451794,1991-01-30,qZ5FfN9
420,Otto,Carillo,ocarillobn@taobao.com,7486760824,1992-10-21,Tl3zQoe3
421,Lois,Baack,lbaackbo@xrea.com,3127914549,1999-02-01,w946dXovK
422,Dreddy,Vedekhov,dvedekhovbp@hugedomains.com,4711726066,1990-04-23,hSyLXYUTB
423,Cherilynn,Parram,cparrambq@yale.edu,3485570011,1990-06-12,NeD0y4vNmZa5
424,Anett,Abelson,aabelsonbr@histats.com,9692865103,1992-04-28,PX89DBq
425,Hebert,Kunkel,hkunkelbs@liveinternet.ru,5026195360,1995-10-14,1MVYZaT
426,Elston,Govey,egoveybt@youku.com,2164592223,1998-08-20,AR2PwDMPE
427,Fionna,Debling,fdeblingbu@miibeian.gov.cn,6829968235,1995-02-28,WSeffvH
428,Daveen,Benoy,dbenoybv@discuz.net,9092209421,1996-01-22,gdyWDZD
429,Maureene,Lacer,mlacerbw@liveinternet.ru,2779350268,1995-02-26,Q8c30JQxtit
430,Dylan,Veregan,dvereganbx@senate.gov,9214378032,1992-06-04,8Z1v5r
431,Caspar,Ells,cellsby@blogger.com,6822019115,2000-01-13,bJvcRSYCmem
432,Lewie,Shearme,lshearmebz@ebay.co.uk,7549690696,1995-11-18,JH0ZX6
433,Gustavus,Villar,gvillarc0@nbcnews.com,6026306800,1992-12-07,3a4welkG
434,Hershel,Shorto,hshortoc1@europa.eu,9319711162,1999-06-06,eIhb6wL5U4
435,Shanta,Di Francesco,sdifrancescoc2@networksolutions.com,6002674457,1992-01-07,ujwo2ROg18tl
436,Cami,Wonfar,cwonfarc3@smugmug.com,8059185894,1993-01-05,IfU0LqTd4kNz
437,Essie,Ivashov,eivashovc4@desdev.cn,5789655047,1998-07-31,Xw06slQxQT
438,Corey,Grennan,cgrennanc5@odnoklassniki.ru,3323186881,1991-10-02,yt0Vko
439,Nonna,Gebuhr,ngebuhrc6@squidoo.com,5372633973,1996-01-25,q0bvpp5cQI
440,Aeriela,Karchewski,akarchewskic7@php.net,9264443015,1992-10-28,l7tsxEDKS
441,Cheryl,Jeandeau,cjeandeauc8@freewebs.com,1246585978,1997-07-14,nyk1pdg
442,Aubrey,Mathen,amathenc9@aboutads.info,1676043636,1994-04-06,U7gR0gC78D
443,Dayle,Pflieger,dpfliegerca@joomla.org,6461076634,1992-09-01,I3YhnNy
444,Carlin,Haycroft,chaycroftcb@wp.com,8083360799,1999-09-18,h2ptsL
445,Gregoire,Kildale,gkildalecc@typepad.com,8591906207,1998-11-21,Y03g1kbh
446,Maxy,McClune,mmcclunecd@about.me,7809506498,1992-03-14,HW9XXtWgBUn
447,Cacilie,Trevithick,ctrevithickce@parallels.com,4456698459,1994-10-03,wSILaSz
448,Marguerite,Dassindale,mdassindalecf@redcross.org,4595590120,1997-02-06,i0QtN49
449,Nilson,Brandel,nbrandelcg@mediafire.com,5885715558,1992-03-05,dngyHqiR3
450,Sarine,Sobieski,ssobieskich@jigsy.com,7208860785,1996-09-19,UBLow89sI
451,Roldan,Stores,rstoresci@ucla.edu,9048460457,1993-11-25,lgugFuYiI5
452,Bax,Whitter,bwhittercj@tmall.com,9803997864,1999-07-19,RUKN9OQAUqA
453,Myrtice,Romeo,mromeock@auda.org.au,6427994876,1991-07-11,BAK8nGGBM1
454,Wrennie,Quiddington,wquiddingtoncl@twitpic.com,8545335908,1999-03-24,2hdsALfll8S
455,Janelle,Hanselman,jhanselmancm@webeden.co.uk,3552451172,1991-02-10,ESKkIFdUK85U
456,Ilise,Bereford,iberefordcn@army.mil,8233585394,1993-11-19,qkiDeSi4plF3
457,Dickie,Chaulk,dchaulkco@photobucket.com,5204266598,1999-02-09,z47r8k
458,Alisander,Semken,asemkencp@4shared.com,8057528886,1993-10-19,E6pCQd
459,Nolie,Enga,nengacq@msu.edu,5153251257,1993-12-09,pZ2ZbERK
460,Rena,Messiter,rmessitercr@amazon.co.uk,1301841435,1997-09-09,93vHNtu6RY2
461,Brian,Chrstine,bchrstinecs@purevolume.com,5014353974,1997-11-16,WrSZY4XV
462,Norina,Jendrusch,njendruschct@t-online.de,4621491971,1999-08-18,5hq5f1zvhA
463,Correy,Rubinshtein,crubinshteincu@dot.gov,4624026141,1990-02-01,NRdj5n
464,Dorene,Wayt,dwaytcv@fda.gov,8673212774,1994-01-07,lU4OR9mMhbCo
465,Isabel,Bernhardt,ibernhardtcw@sakura.ne.jp,1873886792,1996-06-07,7Py7Kav
466,Reinaldo,Heam,rheamcx@unblog.fr,9897155642,1993-07-24,8tzZrcZKcc7
467,Garrik,Fatharly,gfatharlycy@ftc.gov,7195191814,1990-06-11,2xvq3JFlw4b2
468,Justis,Brunicke,jbrunickecz@adobe.com,2106335009,1990-12-27,ZteNh2C
469,Ernest,Oakton,eoaktond0@skype.com,6452940409,1990-10-05,VHckj4Ami
470,Giselle,Szabo,gszabod1@cbc.ca,7836354888,1993-02-10,OHXwY0
471,Alecia,Forker,aforkerd2@hud.gov,9724468144,1997-06-26,uZPPrnzI9L
472,Berthe,Castellan,bcastelland3@miibeian.gov.cn,1639128225,1993-07-10,MmCjItv
473,Clement,Normavell,cnormavelld4@adobe.com,2281654248,1991-03-10,IZZ1QVdR
474,Rex,Spreull,rspreulld5@yale.edu,1726647588,1996-02-28,v3ZnNe
475,Arlinda,Veart,aveartd6@netvibes.com,4426661208,1990-06-25,HgZNWqeQYdY
476,Elston,Carlos,ecarlosd7@mashable.com,9252425548,1996-12-17,WyqVxZe
477,Kipp,Grigoroni,kgrigoronid8@virginia.edu,9837020361,1995-05-09,mQUiom
478,Gerianne,Dowse,gdowsed9@com.com,8046688751,1991-09-25,KwHw1zmQJTa
479,Bartholemy,Mollison,bmollisonda@mtv.com,8473508911,1999-08-25,Bw2VTcvJ
480,Beatrix,Hackworthy,bhackworthydb@naver.com,2128191492,1992-08-17,I9wNBxGXIY6
481,Natala,Lackney,nlackneydc@sun.com,2678970997,1996-02-27,TxzZ1pYV8o4
482,Burnard,McDonand,bmcdonanddd@ucla.edu,7879593961,1992-01-01,zfkXdw0Cyv4h
483,Albie,Carbin,acarbinde@ow.ly,1843688330,1993-08-22,f7pC64hff8
484,Genia,Ubsdale,gubsdaledf@shinystat.com,4706435887,1997-04-21,r0Zq5ej2jy
485,Britni,Gothrup,bgothrupdg@google.cn,9201994806,1994-06-30,dhvHpEwR6
486,Ashley,Jamson,ajamsondh@feedburner.com,5007985114,1998-07-11,S0RIC9Y
487,Conchita,Hook,chookdi@yandex.ru,9163544885,1995-12-05,v3zdS5
488,Gideon,Oldfield-Cherry,goldfieldcherrydj@cnn.com,1787631324,1998-05-11,UHw46k
489,Garvey,Blakeman,gblakemandk@miibeian.gov.cn,6975945632,1998-04-17,TlVYwnxS
490,Alfy,Phillis,aphillisdl@skyrock.com,4354437349,1992-06-20,gQxC8jRr
491,Judas,Yerrell,jyerrelldm@ucoz.com,3135417477,1996-07-22,pMrwtpO3Bzz
492,Torrey,Southwood,tsouthwooddn@dmoz.org,1411237610,1993-05-22,R0mWV33sF
493,Melosa,Deveraux,mdeverauxdo@ihg.com,7323150942,1995-06-10,Qy7Un2k8RbLi
494,Kristel,Broadwell,kbroadwelldp@biblegateway.com,6353159739,1993-05-22,eKlCyjx4
495,Rosetta,Mayall,rmayalldq@dailymail.co.uk,6577353935,1994-03-13,YuY84B8dEcmU
496,Neala,Kolak,nkolakdr@facebook.com,7272072218,1992-03-04,787bGKArU
497,Dell,Verzey,dverzeyds@issuu.com,8988465924,1998-08-09,KihBxLs4kQBh
498,Melinde,Crafter,mcrafterdt@blog.com,8078524281,1991-06-09,Id9dY1
499,Ag,Kenningham,akenninghamdu@admin.ch,4767193215,1998-01-13,tJ0TYKKZIL
500,Iggie,Stoffler,istofflerdv@wp.com,3038016675,1999-08-09,XJQr7QX
501,Patrizia,Luxton,pluxtondw@ustream.tv,6162627057,1996-05-12,PhEx6OXiH9
502,Raynell,Stearndale,rstearndaledx@mlb.com,5934810110,1997-11-24,n0P58tzHWp
503,Cathy,Rabson,crabsondy@bloomberg.com,2092202367,1999-07-12,bQErGxWNU47
504,Ring,Szach,rszachdz@ask.com,1301423072,1998-08-21,b7FtU3D1
505,Salomon,Testro,stestroe0@fastcompany.com,6339343881,1996-07-16,nW0S9fNv
506,Grantham,Scrooby,gscroobye1@360.cn,7466363552,1998-01-31,mxphrg4Ep65
507,Brig,Sterte,bstertee2@bloglines.com,1346735303,1991-07-31,VfCyFB7
508,Nita,Stobbs,nstobbse3@ucoz.ru,3104978267,1995-08-05,Pk4loiANX
509,Arin,Whenham,awhenhame4@ifeng.com,5214397157,1994-04-23,JexyRSDXTbcJ
510,Christabella,Billitteri,cbillitterie5@hostgator.com,2783542249,1994-04-16,APgzpG3p
511,Laurene,Malyan,lmalyane6@xinhuanet.com,5074156172,1990-03-18,nobTrWAWse
512,Sela,Alfonsetto,salfonsettoe7@t-online.de,7318838697,1993-10-29,RrTwtVF0
513,Suki,Copas,scopase8@java.com,2757642555,1992-12-30,LtsS5vX
514,Sherwin,Fishlock,sfishlocke9@pagesperso-orange.fr,8268278269,1996-05-18,7jtEmh
515,Gianni,Lemar,glemarea@friendfeed.com,2275033054,1998-11-18,wYFq0MU
516,Chucho,Style,cstyleeb@admin.ch,8823212230,1991-12-11,cAXSQVzrxd
517,Samantha,Craft,scraftec@shinystat.com,9297535085,1998-03-03,Wck11X8K
518,Allie,Sadd,asadded@comsenz.com,4653935366,1996-01-13,vcUXaJNkSk
519,Celestia,Gerge,cgergeee@mediafire.com,9489572596,1990-06-04,Omu1sgRcI46
520,Benoit,Hammett,bhammettef@privacy.gov.au,6205114320,1994-09-29,UAQO5GqUP5
521,Arlette,Meanwell,ameanwelleg@nytimes.com,4914363271,1990-08-16,1Wd96S2M
522,Nevil,Roycroft,nroycrofteh@mysql.com,4039459684,1997-02-04,f0Y80n
523,Brianna,Howe,bhoweei@constantcontact.com,1982764720,1996-11-29,fNoUfyLZ
524,Nicki,Blomfield,nblomfieldej@netvibes.com,1344057075,1995-06-17,uL7vUFmV
525,Aldo,Weighell,aweighellek@lycos.com,5406551572,1990-04-08,jXw3z8Ej5jt
526,Claudetta,Chisholm,cchisholmel@naver.com,3783231030,1999-06-22,IKm3PV
527,Louie,Bachs,lbachsem@slashdot.org,3854201677,1990-12-02,FBtil1032
528,Alexandr,Johnigan,ajohniganen@nature.com,4834838504,1996-06-25,0KSaaufRBG
529,Elisha,Blewitt,eblewitteo@stumbleupon.com,6358208072,1993-12-22,FdMi2Tp37
530,Eolanda,Latch,elatchep@ifeng.com,1293149796,1990-08-13,nmWWEs
531,Carole,Ricci,criccieq@go.com,1542271919,1992-01-25,80QA8NhoV
532,Ewan,Chazelle,echazelleer@huffingtonpost.com,5661135558,1992-11-19,Ei6bUAOXqc4
533,Nomi,Chyuerton,nchyuertones@reuters.com,4921222007,1993-01-10,94viNCo
534,Sanders,Leishman,sleishmanet@domainmarket.com,8098020317,1997-02-03,JutitgbvmfhN
535,Natasha,Martynikhin,nmartynikhineu@tmall.com,7434802211,1999-05-06,Zj6RYpzCx
536,Joel,Purtell,jpurtellev@dropbox.com,5638317959,1999-09-25,OzsAp1evrmC
537,Edin,Mirralls,emirrallsew@discuz.net,5244104423,1995-10-10,mU2bL9p
538,Cariotta,Van Baaren,cvanbaarenex@phoca.cz,7161714810,1997-02-21,Ak8gH2G
539,Kali,Fieldgate,kfieldgateey@cnbc.com,4076000549,1998-10-19,kP3hPUwMa
540,Evelyn,Mulcaster,emulcasterez@cisco.com,5721651573,1991-07-06,el4DxNuR
541,Ulric,Dayer,udayerf0@live.com,1519821534,1990-11-12,HxHXPaLw
542,Leda,Ayce,laycef1@answers.com,4151951742,1991-06-04,4JxhX4ydxn
543,Roderich,Farney,rfarneyf2@unesco.org,1997794095,1993-10-08,xpxdNV52rK
544,Lorinda,Hinchcliffe,lhinchcliffef3@wunderground.com,8564979369,1996-11-04,vyLpuI
545,Moises,Garz,mgarzf4@bizjournals.com,1147476434,1999-08-01,J3h2ilyWSjri
546,Corrie,Barles,cbarlesf5@webs.com,4765885752,1995-12-09,K6Behpg
547,Marika,Ravenscroft,mravenscroftf6@joomla.org,9219361133,1992-09-03,c9YhItx
548,Berthe,Simpson,bsimpsonf7@ebay.com,6611916930,1998-05-25,ahysduE
549,Stanfield,Kantor,skantorf8@wikia.com,1809926436,1991-06-17,fakHqCzk
550,Nickolaus,Bouda,nboudaf9@facebook.com,4118415270,1999-03-28,ThZp7socXKP
551,Charmane,Maes,cmaesfa@symantec.com,4512711359,1998-04-30,Ctcat1ZgG
552,Agata,Brasse,abrassefb@webs.com,5887398864,1999-06-14,oZeiLe
553,Isabelle,Brenston,ibrenstonfc@over-blog.com,8413899561,1993-05-18,zKwJw8v5
554,Rickard,Andrichak,randrichakfd@aboutads.info,8825587235,1995-11-06,yoYRPvpTO
555,Kurtis,Balm,kbalmfe@narod.ru,5065088615,1993-09-04,QM6OIG
556,Von,Stobbart,vstobbartff@amazon.de,9513358820,1995-03-06,dZrNUKZ
557,Eli,Stoacley,estoacleyfg@phpbb.com,3912908055,1990-07-10,OYYYl3kHW
558,Kimmy,Eddins,keddinsfh@canalblog.com,5721702459,1998-12-28,pCYnMe1Om
559,Abe,McArt,amcartfi@smugmug.com,9674704836,1995-03-24,eW4N7IMjb3wJ
560,Foster,Churchward,fchurchwardfj@mtv.com,8814921459,1994-06-10,u1TPPUS
561,Corrianne,Shellcross,cshellcrossfk@bing.com,6295237860,1995-06-08,MQ1HnZLDZDqC
562,Adara,Sapshed,asapshedfl@cam.ac.uk,2808374105,1996-06-22,PcWzqJssU1
563,Farra,Bardnam,fbardnamfm@mozilla.org,8158764848,1996-08-13,lSw1Hwo11
564,York,Klement,yklementfn@usa.gov,4808577179,1992-05-25,WRaWgUdn
565,Jorge,Drage,jdragefo@tinypic.com,4127008850,1995-11-16,avgR6hMq
566,Sonya,Kwietak,skwietakfp@earthlink.net,6256543346,1998-04-05,9qIcwTOhZ
567,Rozina,Ruoss,rruossfq@dmoz.org,5278927190,1993-07-22,qr3Dp2r9
568,Sybila,Rodriguez,srodriguezfr@nymag.com,6458835347,1997-07-17,6Gat8CaLwV
569,Hobard,Warcup,hwarcupfs@hexun.com,4386264921,1995-10-30,jrqhJY
570,Shirley,Petrello,spetrelloft@people.com.cn,8411339826,1999-02-16,KSQycJSta7gI
571,Karna,Volker,kvolkerfu@princeton.edu,4015138871,1992-04-09,S8ovw8dYQgE
572,Erwin,Rolfi,erolfifv@google.es,7915296109,1998-12-31,1Z9triG
573,Terry,Dickin,tdickinfw@wisc.edu,1853268558,1990-06-12,Ch5gKD8RMv
574,Faydra,O'Loughane,foloughanefx@macromedia.com,7255671098,1996-09-03,jJLxQTExsnV
575,Eveline,Stickels,estickelsfy@princeton.edu,3017565533,1991-04-02,bS2FxA
576,Dylan,Acreman,dacremanfz@oracle.com,4161995814,1995-12-11,WqyM6tl8
577,Justine,Saintpierre,jsaintpierreg0@tripod.com,5181307151,1996-02-14,0UiB2ml
578,Correy,Cozins,ccozinsg1@gnu.org,3394982394,1992-07-23,iiBJMHdLDTkq
579,Reidar,Cressingham,rcressinghamg2@vk.com,9176035713,1993-07-19,0yZ0mBGJQA
580,Benni,D'Antonio,bdantoniog3@examiner.com,3337819437,1992-09-04,vB7T0iOMW7F
581,Danny,Fairs,dfairsg4@mlb.com,3709434448,1991-10-14,2qpFo9jdC0yJ
582,Beitris,Gianulli,bgianullig5@lycos.com,7561214552,1990-03-15,pOpp8ZiIXM
583,Edvard,Rodolf,erodolfg6@bravesites.com,7971043805,1995-10-17,6Ud1Fy
584,Jacklyn,Denty,jdentyg7@wikipedia.org,9393998181,1991-06-03,6mwNVo5G
585,Anjela,Ewenson,aewensong8@php.net,2176461949,1991-12-26,vbhIa4o
586,Emelen,Gammidge,egammidgeg9@theguardian.com,8232339542,2000-01-20,pjWVgy
587,Verna,Willetts,vwillettsga@amazon.com,4702802549,1992-12-21,jl8ylSef
588,Derry,Scatchard,dscatchardgb@home.pl,7586756265,1997-04-22,9LwepmXOc9A
589,Wallis,Giannazzi,wgiannazzigc@google.nl,8023077620,1993-11-27,LPzjbW
590,Rutger,McAvinchey,rmcavincheygd@ox.ac.uk,6309159192,1994-10-16,n21uIJWus5N
591,Melania,Jerok,mjerokge@google.cn,6504680925,1995-12-30,RSHMN7UYP
592,Donny,Mayhead,dmayheadgf@over-blog.com,8718566737,1990-06-16,iF5IB2E
593,Pepe,Armitt,parmittgg@toplist.cz,9014705554,1997-12-28,HOHyaIdQqe
594,Amalita,Grabb,agrabbgh@bbb.org,2616491836,1996-09-09,p9SXzNwod
595,Rahel,Rubes,rrubesgi@altervista.org,1666112257,1992-06-05,QuP8c3qa
596,Sarina,Blencoe,sblencoegj@jigsy.com,9904126747,1993-08-16,ZR5zy9
597,Aggy,O'Crowley,aocrowleygk@omniture.com,9958358268,1993-11-29,iJyL2gFph
598,Christye,Heritege,cheritegegl@bluehost.com,5598164953,1998-11-29,l4J9XdGZkU1
599,Cristabel,Poulsom,cpoulsomgm@army.mil,8352560686,1997-04-18,tjoOcd7X427
600,Lenette,Walasik,lwalasikgn@baidu.com,2004857450,1997-02-08,kxLMc6HpnMHm
601,Woodman,Winsiowiecki,wwinsiowieckigo@umich.edu,9691460564,1996-02-25,FXxGIw
602,Effie,Thominga,ethomingagp@privacy.gov.au,2206723581,1998-08-22,Ta8oulYxz
603,Alice,Mapledoore,amapledooregq@diigo.com,6583766340,1990-02-12,IcMWR6bV4s
604,Robby,Eastam,reastamgr@i2i.jp,7564945182,1990-01-28,3pClENLLz
605,Eolanda,Brayson,ebraysongs@joomla.org,7157814429,1991-07-07,gta7113bB
606,Martainn,Seiler,mseilergt@prweb.com,3172487239,1992-10-26,UJkzN5v4R
607,Ilise,Molyneux,imolyneuxgu@yahoo.co.jp,2714357389,1992-04-06,gUQO5qhHn
608,Katharine,Broske,kbroskegv@eepurl.com,5166940644,1994-11-01,bjaaEqe1R
609,Emili,Mangon,emangongw@alexa.com,1459262941,1990-10-08,bwchHSNSsWP
610,Frasco,Eddicott,feddicottgx@mozilla.com,5103552562,1992-04-07,6A2M132
611,Andra,Shortin,ashortingy@mail.ru,7551352498,1994-09-22,B2cmBcgf4dj8
612,Roana,Robic,rrobicgz@seattletimes.com,8343657354,1991-11-02,PQpOryAyZ
613,Adora,Tickle,atickleh0@typepad.com,4279269819,1999-07-31,kXEaze5i
614,Veriee,Damerell,vdamerellh1@statcounter.com,6331085604,1991-06-06,WzGYivJ5
615,Sigmund,Simants,ssimantsh2@jimdo.com,1432535370,1994-06-29,tuGnhU6
616,Rebecka,Grimsditch,rgrimsditchh3@toplist.cz,7414791876,1997-09-18,rM2HoTy2ag
617,Biron,Seid,bseidh4@printfriendly.com,6249702919,1999-06-07,ZGrWCG
618,Robinette,Slatford,rslatfordh5@sfgate.com,2156150049,1997-09-19,yO7jrbyP7G3g
619,Stuart,Izard,sizardh6@apache.org,7082846913,1994-06-19,9D0vSxh20H
620,Vivienne,O'Crevan,vocrevanh7@t-online.de,4525022195,1992-11-14,q8MBvY7hQ
621,Bartlett,Nono,bnonoh8@dmoz.org,7111690170,1990-01-17,q53iOLS
622,Pauletta,Kolin,pkolinh9@hatena.ne.jp,8102365243,1990-03-25,kcMjxk2bIJw0
623,Rosana,Hansbury,rhansburyha@imgur.com,8499930899,1990-05-16,0Gan9xLIV
624,Mary,Noton,mnotonhb@spotify.com,6195431507,1992-05-07,CGOrOmC5Bn14
625,Marchelle,Rowesby,mrowesbyhc@51.la,9846898625,1999-05-22,uuEZGJbPZo
626,Donnie,Rivlin,drivlinhd@uol.com.br,2513196193,1992-11-27,2d4BZUF
627,Netty,Dore,ndorehe@cmu.edu,2563303235,1992-05-24,5f53YvvFPeM
628,Nelly,Ormonde,normondehf@google.pl,7571512165,1998-09-23,30KMrOAW1fh
629,Lenette,McNeachtain,lmcneachtainhg@jalbum.net,4972366423,1994-03-26,bPTvOE
630,Lemmie,Bruton,lbrutonhh@plala.or.jp,5076090597,1993-06-13,OAHgLJuB
631,Betty,Mattiazzo,bmattiazzohi@istockphoto.com,7235620348,1995-11-10,mLqE76
632,Sheeree,Adds,saddshj@blogspot.com,7852143867,1994-11-07,NDXEgWqqQ
633,Gretna,Berecloth,gbereclothhk@harvard.edu,6258126070,1997-05-08,n7XAS4KtXBQ6
634,Ernst,Plastow,eplastowhl@theatlantic.com,2349745989,1990-07-05,z8SX4nMJWJz
635,Kennan,Milella,kmilellahm@multiply.com,8811883403,1996-12-10,HVDTJIk1
636,Pietrek,Goodlake,pgoodlakehn@rediff.com,1085739144,1999-11-26,gXwToVFBj
637,Sanders,Wightman,swightmanho@chron.com,9985273015,1990-04-30,8xOLbgmxw
638,Ninette,Shurey,nshureyhp@e-recht24.de,9776564539,1994-03-02,ajfyIradl
639,Eberto,Machen,emachenhq@tripod.com,5896120239,1996-02-05,my6hKq47qnch
640,Bertram,Castanaga,bcastanagahr@ebay.com,5026696656,1998-08-18,2UlsnFR0j
641,Shandee,Mathon,smathonhs@sphinn.com,6635947862,1997-07-03,ty5ZLjV
642,Vernen,Iacobini,viacobiniht@macromedia.com,5238144198,1996-09-15,Gao3fybNB
643,Alon,Mennear,amennearhu@google.it,4878599201,1996-07-17,ZZMAre3C
644,Merlina,Davson,mdavsonhv@surveymonkey.com,9024603825,1995-06-02,voN5ouYWNs
645,Darcy,Sine,dsinehw@canalblog.com,7636545114,1991-11-29,BhMsbsC
646,Shay,Pauling,spaulinghx@homestead.com,3241957898,1992-02-27,1m7m699asMF
647,Arliene,Goodrick,agoodrickhy@shinystat.com,3953087769,1999-07-08,wNF2dW
648,Susanna,Ecclestone,secclestonehz@google.com,5462780443,1992-11-14,1TXSPiW7
649,Rici,Treffrey,rtreffreyi0@unesco.org,6115074453,1996-06-26,8bIr9ORYAb
650,Modesty,Bennison,mbennisoni1@mapquest.com,3309571243,1995-05-31,323cJVNR3w
651,Hubert,Ambrogi,hambrogii2@chronoengine.com,1579526509,1995-05-30,6o5lOhSQj
652,Cello,Kohlerman,ckohlermani3@intel.com,9705137478,1999-06-17,5p7JBpL
653,Sly,Crossman,scrossmani4@reddit.com,4086774023,1997-10-07,PWGFRGL8wkj
654,Keelia,Coard,kcoardi5@admin.ch,1204953405,1997-06-02,KAtj2J86Cw9
655,Stesha,Baumler,sbaumleri6@wisc.edu,8881166010,1995-05-11,8zcx1CaVVa
656,Sibilla,Eayres,seayresi7@istockphoto.com,2072701815,1998-02-19,c4XqJSS9
657,Quincy,Pavey,qpaveyi8@unblog.fr,5179045740,1994-02-25,ZEqfhIFC
658,Sheree,Sollett,ssolletti9@independent.co.uk,7309957326,1997-12-05,JkGaipBHZ
659,Sandy,Kindell,skindellia@indiatimes.com,7597136213,1994-07-17,tfITgcdYR
660,Kalindi,Ivanchin,kivanchinib@unicef.org,9092209980,1996-03-19,CJGFaQAQyo
661,Ruttger,Rodolf,rrodolfic@vk.com,8165600933,1999-03-11,oKZllwKjJeT
662,Yetty,Mc Meekin,ymcmeekinid@rediff.com,8028924731,1997-05-15,qHePlne9NG
663,Brit,Becket,bbecketie@latimes.com,8927268197,1990-10-18,n896obMXqAbB
664,Geri,Sunley,gsunleyif@un.org,9913456249,1996-08-28,HkXBhuTH
665,Augusto,Harmar,aharmarig@stumbleupon.com,2162222349,1997-04-06,pR5K3HsWb
666,Virge,Dudney,vdudneyih@pen.io,4671868483,1997-10-29,HrMC92c9Bz
667,Donovan,Iacobassi,diacobassiii@intel.com,3298066873,1991-04-24,f04emvL
668,Ingeborg,Kirman,ikirmanij@yelp.com,2705760986,1996-09-02,ke8lUpW2xi
669,Cathryn,Treneer,ctreneerik@dagondesign.com,6954874170,1997-08-03,hPbWl0K6bdw
670,Xylia,Baythorp,xbaythorpil@nbcnews.com,5029918046,1993-12-30,cAqDEDYM
671,Stanislas,Rosenstein,srosensteinim@technorati.com,9858581065,1991-03-24,9RoZcydZ3P
672,Berti,Admans,badmansin@creativecommons.org,3025879816,1993-01-07,lQvreUnwbxLy
673,Hedi,Gerald,hgeraldio@auda.org.au,7081055210,1995-10-05,ptLnvVd
674,Ansel,Kienl,akienlip@redcross.org,8776380074,1998-01-28,6i1DD7E
675,Annice,Budden,abuddeniq@mapquest.com,6104614813,1990-11-09,rK81aN
676,Sherri,O'Scollain,soscollainir@ovh.net,6645632464,1992-10-12,yDCPLdN
677,Giordano,Titterington,gtitteringtonis@cmu.edu,6423956436,1992-12-25,WshhRNW
678,Nathaniel,Hansel,nhanselit@omniture.com,4404827951,1995-07-19,o8IPv0xastwa
679,Reamonn,Binnie,rbinnieiu@wired.com,1089315073,1996-06-06,4zhEizh80
680,Mallissa,Sheara,mshearaiv@macromedia.com,1373008835,1990-04-15,O5PQSYX
681,Carver,Booley,cbooleyiw@theguardian.com,3383352986,1991-10-28,g7mt0AevsP
682,Patricio,Benian,pbenianix@ezinearticles.com,5056164426,1997-05-03,WSuG3p
683,Doralin,Heers,dheersiy@google.com.hk,9105692944,1997-05-18,uBJ29y
684,Cirstoforo,Stormonth,cstormonthiz@com.com,1366926393,1995-09-25,528y4Ns
685,Janela,Mowat,jmowatj0@theguardian.com,8745621080,1996-12-02,xC65x4KD
686,Geordie,Laming,glamingj1@moonfruit.com,2581028386,1996-05-25,YL60fomGieCl
687,Finlay,Lambertazzi,flambertazzij2@symantec.com,9189499110,1990-11-11,cxZdXtxCXsgb
688,Luciana,Marikhin,lmarikhinj3@engadget.com,6173452782,1998-11-29,kfXim4qu3EA1
689,Gavrielle,Smedmore,gsmedmorej4@fotki.com,3809843833,1998-09-27,7jkUX2HT
690,Damiano,Mabbot,dmabbotj5@bing.com,8612807810,1992-11-24,bMTveboo0bR
691,Tab,Attwoul,tattwoulj6@people.com.cn,9449888959,1997-01-17,nfRwidFX6V
692,Siouxie,Bishop,sbishopj7@sciencedaily.com,7335683351,1994-09-06,aUc5xrHsMZXo
693,Godard,Huey,ghueyj8@webnode.com,9985177274,1993-08-03,8PwfZN
694,Daile,Dark,ddarkj9@t-online.de,1495856460,1994-11-30,G3Z59j
695,Randell,Leagas,rleagasja@artisteer.com,9444015073,1996-10-29,2xzDDe4V
696,Moria,Maffulli,mmaffullijb@moonfruit.com,2583010867,1991-04-10,QHYnzam62EGO
697,Margit,Boyland,mboylandjc@salon.com,7693170246,1998-09-02,jQQcnOULdFET
698,Emmaline,Nosworthy,enosworthyjd@fda.gov,8539386338,1993-09-26,3Agc1IsM
699,Terra,Peaden,tpeadenje@techcrunch.com,6911389990,1990-10-16,OXvn2GPWWhz
700,Serene,Wrightim,swrightimjf@360.cn,6788117276,1995-11-23,u23Zd1tBfdpU
701,Jeri,Cathel,jcatheljg@free.fr,6016584301,1995-02-06,bWiByV8W99
702,Garold,Rignold,grignoldjh@whitehouse.gov,4244478972,1994-05-08,XYaDU8
703,Mariette,Mauchlen,mmauchlenji@shutterfly.com,1623053188,1997-11-23,GyhpbnU83
704,Tasia,Martlew,tmartlewjj@virginia.edu,6238094068,1991-07-07,P8COvrwZ4CE
705,Sidney,Tyas,styasjk@ning.com,7549136071,1999-10-18,myKz9Q2
706,Beryl,Kellick,bkellickjl@washington.edu,2146631271,1995-11-15,1aF6httf
707,Winnifred,Massard,wmassardjm@salon.com,5136499379,1992-11-29,FAtu5DmWB
708,Adeline,Dane,adanejn@sbwire.com,3273729017,1994-07-15,RijzPOl9f
709,Von,Martinello,vmartinellojo@archive.org,3797909536,1999-11-27,QaWE5G4Vw
710,Gris,Piola,gpiolajp@loc.gov,3233420857,1994-01-15,uFNsNHBT
711,Jeni,Gravatt,jgravattjq@hatena.ne.jp,9592302873,2000-01-05,7nOUCz
712,Lenee,Van Salzberger,lvansalzbergerjr@adobe.com,2028714200,1998-12-25,zi6rOlb
713,Milzie,Capewell,mcapewelljs@mtv.com,5753654004,1998-12-19,bfUWj6
714,Perry,Adamiak,padamiakjt@123-reg.co.uk,2911770120,1992-11-23,IScYQgvJr
715,Pamella,Conor,pconorju@google.com.hk,1071114696,1993-07-24,y6T4OjLSD5QU
716,Mireielle,Penson,mpensonjv@uol.com.br,2306644119,1998-07-14,MSGDXgrRCm8P
717,Worthy,Ends,wendsjw@twitter.com,5767402269,1997-03-09,ErHTZwy
718,Helaine,Ahrenius,hahreniusjx@fema.gov,8045408244,1990-09-17,CBnca14IJ
719,Romona,Mogey,rmogeyjy@gizmodo.com,4508412563,1995-02-20,Q4op6PZvCI
720,Abra,Dibsdale,adibsdalejz@yahoo.com,4822918336,1995-12-13,QHJinHhZ
721,Juieta,Mountstephen,jmountstephenk0@ezinearticles.com,8229585847,1996-03-16,HPFcYmYRjJ
722,Lilyan,Skeemor,lskeemork1@soup.io,3144780196,1990-03-18,3L02k3Kg
723,Kali,Eastridge,keastridgek2@imgur.com,8551535054,1998-11-27,Q7GyN3uGr8s
724,Amanda,Stuehmeier,astuehmeierk3@edublogs.org,6089924358,1990-09-18,BktSZYSsm
725,Leticia,Stoyle,lstoylek4@foxnews.com,2489553631,1998-10-20,7iZJPwjG
726,Lilla,Blazek,lblazekk5@tiny.cc,3663323996,1992-08-04,allMOQTYhW
727,Dyanna,Jezard,djezardk6@ucsd.edu,4565370679,1998-10-17,0WOpU7BSl
728,Andreas,Jaffra,ajaffrak7@oaic.gov.au,1266273842,1992-09-21,8znMds
729,Frederique,Fibbings,ffibbingsk8@odnoklassniki.ru,9548504790,1997-08-14,W5faH2
730,Cathryn,Tagg,ctaggk9@ustream.tv,4838678998,1991-08-13,mAgxVA
731,Kaitlin,Reeme,kreemeka@vk.com,6802925002,1990-03-15,dXCP2oN
732,Sherill,Messenbird,smessenbirdkb@hexun.com,1252013454,1999-03-25,sFMUdnQLjHq
733,Jennee,Clack,jclackkc@dropbox.com,5923133084,1992-11-18,23yLNx6atp
734,Eduino,Grieger,egriegerkd@aol.com,9219601321,1996-11-25,8OJz3DZkZGm
735,Bernadette,Vakhonin,bvakhoninke@miitbeian.gov.cn,3472411544,1998-04-30,GQ5pvLpq
736,Kissee,Attard,kattardkf@mit.edu,7946046525,1999-11-19,Jc2gCjQ
737,Freeman,Coulthard,fcoulthardkg@newyorker.com,8999972817,1998-11-16,oqct8mgpOG
738,Ludvig,Blazejewski,lblazejewskikh@house.gov,2156348800,1996-10-25,YnwiKB
739,Dora,MacGee,dmacgeeki@amazon.de,2229125555,1993-03-17,dk4BVyZX
740,Gerardo,Halwill,ghalwillkj@wired.com,4544689764,1996-04-03,tHrgxTT9e96
741,Rudyard,Sives,rsiveskk@dropbox.com,6655863204,1997-07-22,DpUDs2VtvW
742,Ingamar,Zoren,izorenkl@sohu.com,5238033587,1995-05-14,E3ippfwf4OI5
743,Tyler,Gallon,tgallonkm@ox.ac.uk,5103809597,1995-04-30,lL28Qq3ZATDo
744,Rosalinda,Morfett,rmorfettkn@washingtonpost.com,9677828173,1996-09-29,8vQQJH7q
745,Reilly,Bootton,rboottonko@yahoo.com,3497202661,1993-02-24,oO5Upv7DI
746,Sam,Dudbridge,sdudbridgekp@joomla.org,9725329388,1991-11-12,VrzvrxWAA
747,Vanya,Wylie,vwyliekq@parallels.com,9492369887,1993-04-08,r63VHzWi
748,Billie,Corrett,bcorrettkr@pbs.org,1649648278,1991-07-03,YWlZIqS
749,Fionna,Gisbey,fgisbeyks@ning.com,9166186843,1999-05-26,InTNILjCqQ
750,Merwyn,Myrick,mmyrickkt@huffingtonpost.com,4449051952,1997-11-28,ilMPHvSmnW
751,Cross,Sharer,csharerku@huffingtonpost.com,8439400599,1999-10-01,Xbz8dsZXK
752,Casper,Kroch,ckrochkv@buzzfeed.com,3152295344,1991-04-23,JfB1Djx4
753,Brennan,Setch,bsetchkw@cbsnews.com,8381046129,1992-05-31,ZdK8coss
754,Rhodie,Donaldson,rdonaldsonkx@stumbleupon.com,3746252285,1991-09-07,5xIIwIF
755,Eldin,Sheirlaw,esheirlawky@japanpost.jp,9155903048,1994-06-20,Qiwn8AHaJ6
756,Matt,Kinghorne,mkinghornekz@blinklist.com,7487080503,1994-03-12,2wB9KvVU
757,Gerardo,Simson,gsimsonl0@reverbnation.com,3542586133,1998-12-07,QWRrWyr5u
758,Georas,Icom,gicoml1@usa.gov,3389673748,1999-06-16,ma62hRr
759,Lefty,Possell,lposselll2@addtoany.com,5009837033,1991-06-24,SYJqOYdRSup
760,Abby,Hawkings,ahawkingsl3@businessweek.com,4278122187,1995-03-26,wu82r9Xv9Vq7
761,Mordecai,Danielsson,mdanielssonl4@time.com,5462814024,1999-12-26,3atT6ujfq
762,Dorry,O'Heaney,doheaneyl5@surveymonkey.com,6889258570,1993-09-25,hodAVjp
763,Van,Salling,vsallingl6@github.io,5179163706,1992-11-07,SKPRqne
764,Norton,Zapatero,nzapaterol7@psu.edu,6495920660,1991-09-14,AJ2K0YrFLgV
765,Shandeigh,Lintill,slintilll8@japanpost.jp,6225869299,1995-04-09,ZMW2IMRYEjPb
766,Tris,Wyllie,twylliel9@jugem.jp,6812417596,1993-05-16,6VgujcW
767,Kissiah,Jeffels,kjeffelsla@latimes.com,8675539163,1993-05-15,rN4NCAcCsEr
768,Xenia,Batey,xbateylb@hugedomains.com,1931354981,1998-03-09,JvBYskf
769,Sari,Newham,snewhamlc@blinklist.com,1526909500,1991-06-16,ZHtVLTA
770,Birdie,Bowell,bbowellld@last.fm,9917468957,1999-10-01,Kkoc00K30u
771,Kendal,Seton,ksetonle@bbc.co.uk,6713793556,2000-01-23,MlDJLI5vQ
772,Robin,Scrimshaw,rscrimshawlf@ibm.com,9855084990,1999-02-02,grT4xoHPs4
773,Levy,Sictornes,lsictorneslg@springer.com,5825740189,1992-03-19,aCPuNw62V
774,Kessia,Goodoune,kgoodounelh@linkedin.com,4802752965,1999-12-17,rPTAgnhL
775,Carri,Spinas,cspinasli@washingtonpost.com,8721070090,1990-11-28,IZyx9FOV
776,Herta,Fisbburne,hfisbburnelj@ebay.com,1405069149,1992-10-26,di06FbhT2
777,Tomlin,Jarmaine,tjarmainelk@github.io,3689530574,1993-03-26,HTMFg751NKWH
778,Alexis,Toplis,atoplisll@yellowpages.com,4208504197,1990-05-25,O9jHHr8n
779,Martelle,Rigardeau,mrigardeaulm@geocities.jp,9785624435,1993-04-12,ewMmi80NlDvr
780,Dalenna,Grzes,dgrzesln@amazon.de,9031893439,1995-06-10,kKYnEy
781,Vilhelmina,Hazeman,vhazemanlo@umich.edu,4094925338,1995-01-19,6oKNtrw6uE
782,Barney,MacFaul,bmacfaullp@elegantthemes.com,2011502778,1998-02-19,BNgpZK37
783,Inessa,Beeswing,ibeeswinglq@theguardian.com,6547895313,1993-05-19,4AhTqWkAdbi1
784,Wood,Marritt,wmarrittlr@nytimes.com,5691360739,1999-06-21,uF9YtHHtRD
785,Tally,Jerrand,tjerrandls@intel.com,8746599673,1993-08-05,FpAFauOJQ
786,Rodrigo,Atcheson,ratchesonlt@t.co,7036583802,1998-04-12,DrXd2X3pf
787,Tobye,Strevens,tstrevenslu@uiuc.edu,7689814596,1990-06-10,yyHddBEkkBli
788,Rodolph,Shambrooke,rshambrookelv@spiegel.de,9931967268,1992-03-31,i1RmfURh
789,Valaree,Wingham,vwinghamlw@ning.com,4337671378,1991-05-15,EkyP4QO9N6
790,Sherill,Cleeton,scleetonlx@cnbc.com,2715066157,1990-11-12,1gd0tleToQM
791,Archibald,Willis,awillisly@scribd.com,4755457058,1993-10-01,PrqgoA
792,Malachi,Buxcey,mbuxceylz@telegraph.co.uk,1384609048,1998-02-26,uS0T7xDd
793,Kora,Ethelston,kethelstonm0@google.com.hk,8834978733,1999-02-12,XJm3GVz7
794,Trula,Fealey,tfealeym1@ask.com,5239127281,1991-05-31,yNxTidFJrjvC
795,Ora,Peddel,opeddelm2@cyberchimps.com,6629645531,1995-11-24,jq4D2Oyso
796,Ximenes,Youings,xyouingsm3@blogspot.com,1226443327,1990-12-05,vvWkekQA0Vv
797,Raven,McKeveney,rmckeveneym4@wisc.edu,5098585897,1995-06-22,KGftQV563G
798,Cliff,Start,cstartm5@msu.edu,3867564344,1996-01-20,i37hh4ezxIHU
799,Cody,Jagg,cjaggm6@sakura.ne.jp,3089877633,1991-05-19,g9KMBdUcnxI8
800,Gisella,Hackney,ghackneym7@un.org,9531395444,1999-12-27,E8Zl30
801,Tiffany,Learoid,tlearoidm8@pbs.org,4842747674,1995-08-16,lKaMACT0RTLl
802,Hana,Fuzzens,hfuzzensm9@jalbum.net,2216135978,1993-07-04,pl2e9Tqt1
803,Salomon,Peealess,speealessma@plala.or.jp,1247817837,1991-09-12,b8ifGqnUHtWb
804,Micheil,Mashal,mmashalmb@blogs.com,9097495038,1991-08-05,UCFRdHWnxKNj
805,Leandra,Atkyns,latkynsmc@gravatar.com,3878241659,1994-11-07,thKB3a3a0J
806,Enrico,Tournie,etourniemd@twitpic.com,8535022588,1991-06-06,4VkLGnsBQgx
807,Stepha,Thurgood,sthurgoodme@altervista.org,8596907978,1997-06-01,fLWm7NDL7la
808,Alysia,Hearon,ahearonmf@hibu.com,8374127591,1998-05-26,ZXLfxdTRW
809,Cazzie,Passby,cpassbymg@ovh.net,7183313299,1998-08-26,sdqB5QPDG
810,Northrop,Flisher,nflishermh@narod.ru,7563826048,1992-07-09,AV0MVbU
811,Garret,Ilott,gilottmi@twitter.com,8276195791,1996-05-10,88Mo2Ni8bvzb
812,Charo,Storie,cstoriemj@bigcartel.com,7475869204,1995-10-08,m4MOdjaiS9Uy
813,Dreddy,Shirt,dshirtmk@facebook.com,9982178038,1993-09-29,Zp0AHgonQ8Z8
814,Zacharie,Durdan,zdurdanml@hp.com,8142980661,1994-05-10,oRFQDKmcPCNN
815,Lucine,Elkington,lelkingtonmm@discuz.net,2544684908,1994-03-11,YOdXfuV2ZBas
816,Kale,McElane,kmcelanemn@yandex.ru,6438471662,1994-07-28,wwwPIR7
817,Myrtia,Thiem,mthiemmo@blogs.com,1259984379,1995-03-22,TMP9SHn
818,Milicent,Timewell,mtimewellmp@howstuffworks.com,5464930776,1993-08-02,XD91Jc
819,Phineas,De Vaar,pdevaarmq@cocolog-nifty.com,6697827061,1998-11-04,hSsIdv
820,Lambert,Mangham,lmanghammr@state.gov,1878681695,1993-08-17,eXiLOlqfpcT9
821,Evangelia,Longson,elongsonms@skype.com,4483933886,1996-10-11,lsJvTxYTn
822,Gardner,Blincowe,gblincowemt@desdev.cn,3596027917,1991-03-15,sQvEEeZFuk
823,Jessamyn,Bundy,jbundymu@guardian.co.uk,5114834713,1992-03-30,AqlxfV
824,Filide,Billanie,fbillaniemv@prnewswire.com,5601798155,1999-10-15,vUfDNbI9D83
825,Nickie,Skeldon,nskeldonmw@spiegel.de,2933732822,1995-04-02,j30k0uxw1
826,Caty,Loukes,cloukesmx@google.de,1206850807,1991-11-17,b9Ubn7Gl
827,Dallis,Angeau,dangeaumy@engadget.com,7025125238,1998-03-27,aAzTUKnF6
828,Gustie,Fleming,gflemingmz@auda.org.au,5341804350,1994-12-23,FK1ZQrRhs
829,Hetty,Whitehall,hwhitehalln0@multiply.com,1325529951,1990-04-16,nXFgn5y04z5
830,Mallissa,Heitz,mheitzn1@amazon.co.jp,7265026407,1996-03-29,bSNWCpn
831,Wilbert,Asple,wasplen2@51.la,1844229819,1991-11-08,oeaqJx
832,Joni,Bratcher,jbratchern3@theatlantic.com,9579301223,1999-05-19,x5RUj7i
833,Lurline,Mellers,lmellersn4@toplist.cz,8662020523,1990-06-02,dJPSSZ
834,Fraze,Gallo,fgallon5@sciencedirect.com,8891619969,1996-07-24,kZzhWSV
835,Katee,Zoephel,kzoepheln6@washington.edu,9795371090,1995-07-03,XTECe4
836,Jess,Stetlye,jstetlyen7@imdb.com,3476556129,1999-04-05,J4zmfIkv
837,Taffy,Coultard,tcoultardn8@twitter.com,7069222337,1992-12-28,GF9chvlTuhRP
838,Phillie,Selbach,pselbachn9@cnet.com,9006906458,1996-10-06,suSSfdv1Ks
839,Benny,Rex,brexna@slashdot.org,1153334316,1997-08-06,g8FO00TbWJ2
840,Andree,Itscowicz,aitscowicznb@nifty.com,1059933500,1994-01-20,OiK0h7S
841,Annabal,Prott,aprottnc@purevolume.com,6199154129,1996-06-20,SbVzNOT93
842,Dulcinea,Yokelman,dyokelmannd@bravesites.com,1869444143,1991-02-03,tUsIc8L7
843,Lacy,Lovelace,llovelacene@ustream.tv,4581561492,1995-07-24,3bTRb0k
844,Jacenta,Goulthorp,jgoulthorpnf@statcounter.com,6234850441,1991-02-25,ngmqmBz3yHu
845,Pat,Moland,pmolandng@cnn.com,2903014414,1993-07-26,nRULnm5BQK3x
846,Ellsworth,Measom,emeasomnh@last.fm,3628255994,1995-12-20,9ZmDCEHsnAT
847,Cassondra,Haddeston,chaddestonni@diigo.com,7427460039,1997-01-02,Fx5GttrAh6DX
848,Alberik,De Fries,adefriesnj@fotki.com,2255447754,1999-05-15,GBsSsbRKPYDA
849,Joseph,Harp,jharpnk@thetimes.co.uk,1717608168,1997-10-31,XJ5ooh
850,Paige,Boas,pboasnl@patch.com,1938953468,1995-02-18,jBK7bDWgh9
851,Kerrill,Ansley,kansleynm@yelp.com,2368301324,1996-12-20,VRH6uvcDJ9
852,Orv,Larrad,olarradnn@posterous.com,7242823219,1991-05-23,GZCVK6i
853,Orlan,Versey,overseyno@liveinternet.ru,7695144782,1996-12-03,jV3WsgN
854,Melessa,Schiefersten,mschieferstennp@goo.ne.jp,1003635885,1999-10-28,tYyUE6B
855,Brandyn,Woolager,bwoolagernq@forbes.com,5503973169,1995-04-11,qfIiHLY40F
856,Lonnard,Skentelbury,lskentelburynr@bloomberg.com,8116682568,1997-08-12,00y3yX2GNC
857,Paola,Trenam,ptrenamns@bluehost.com,4016300183,1995-06-10,yrg7pQnt
858,Fawn,Suffield,fsuffieldnt@comsenz.com,3683580212,1992-07-27,soQ26VdXgkj5
859,Marnie,Pudding,mpuddingnu@si.edu,2935977358,1993-07-08,4sISvpfx6Dkv
860,Dun,Riggert,driggertnv@scribd.com,9244038562,1993-01-27,xGzzBOSFStq
861,Isidro,Issacov,iissacovnw@gmpg.org,7383931827,1998-04-25,q8NMGViGD6
862,Ronnie,Iiannoni,riiannoninx@sitemeter.com,8077252280,1992-06-13,8jpcXu
863,Rodger,Petrasch,rpetraschny@cargocollective.com,7999152524,1998-10-16,Dy5Ewk
864,Cy,Ellings,cellingsnz@nasa.gov,6802546869,1992-10-14,ANCdcohTUlL
865,Merle,Hrinishin,mhrinishino0@slideshare.net,7852578441,1994-05-30,L2OtbnMEeb
866,Minette,Spandley,mspandleyo1@nymag.com,1825675812,1996-11-09,mLfYh5rVr
867,Lynnet,Readmire,lreadmireo2@github.io,7976722196,1994-12-23,bxJS4zXja1LZ
868,Tersina,Wealleans,twealleanso3@example.com,8604192124,1992-05-14,T4MwNSeK4cCy
869,Felicia,Simmen,fsimmeno4@salon.com,2743882776,1996-12-21,2lThItqgHb
870,Ekaterina,Grute,egruteo5@imdb.com,9351923805,1999-12-14,fHUm8otHnz9
871,Bertha,Arnott,barnotto6@si.edu,4332699531,1992-12-23,ZCMSIQy0t
872,Chad,Bardell,cbardello7@wiley.com,2786459593,1992-06-01,DeDgEM2y
873,Sukey,Caudrelier,scaudreliero8@amazon.co.uk,8361013382,1993-05-25,VrYYgqfn3
874,Britt,Ruhben,bruhbeno9@state.gov,4208962860,1999-06-01,zdLS9KSGp4i
875,Hedwiga,Lilleyman,hlilleymanoa@nydailynews.com,4185565347,1991-01-07,KIS37cvHK
876,Cletus,Grummitt,cgrummittob@hp.com,8322150777,1990-06-22,CZnQrig
877,Kiel,Lavender,klavenderoc@bbc.co.uk,6843143827,1999-07-14,Bsy4BpxfyOIS
878,Robbie,Darrigoe,rdarrigoeod@exblog.jp,8192958606,1994-11-02,wTYYzuIb
879,Burke,Slora,bsloraoe@so-net.ne.jp,2036801408,1990-12-02,BPIvSO24
880,Mattheus,Downe,mdowneof@liveinternet.ru,5917432029,1998-11-02,IK2Cej97cPob
881,Gib,McCrann,gmccrannog@youtube.com,6542290737,1997-04-09,iYg2EWMQY
882,Yetta,Le Grice,ylegriceoh@miibeian.gov.cn,1288028517,1990-08-04,6y0CfLSb
883,Laird,Reaveley,lreaveleyoi@techcrunch.com,7614449286,1999-07-04,4TWJYcW
884,Gerome,Sogg,gsoggoj@plala.or.jp,9856802049,1997-08-20,pRUEThu8Bbj3
885,Laraine,Pleace,lpleaceok@instagram.com,4632362529,1991-01-08,Fpin0sNXxpub
886,Aguste,Edmundson,aedmundsonol@naver.com,2888543001,1997-11-20,91zrZh4J
887,Antin,Crennell,acrennellom@t.co,9758103369,1998-07-25,2fP7H5WN
888,Ethelind,McGucken,emcguckenon@npr.org,5684653309,1993-04-08,B1lepI9
889,Rubie,Crean,rcreanoo@foxnews.com,1777688969,1996-04-14,uYYhIm
890,Georgena,Fryd,gfrydop@spotify.com,1575110947,1991-07-17,efI0p6z
891,Curtice,Tessier,ctessieroq@issuu.com,2393614846,1993-04-13,lL8tCUcyK7e
892,Cyndy,Teasdale,cteasdaleor@jiathis.com,6322700284,1999-07-19,WQHXfiQDBnA
893,Marissa,O'Dare,modareos@webs.com,9424161760,1993-10-20,Ul0Dp38l8U7a
894,Nelly,Myton,nmytonot@quantcast.com,4588658106,1996-08-03,iRHfHO6FFehO
895,Katlin,Penberthy,kpenberthyou@china.com.cn,8379940331,1996-04-30,OdPQLqA4t6
896,Hagan,Martignoni,hmartignoniov@odnoklassniki.ru,5585962685,1997-12-05,vAW3WUe
897,Odella,Bucke,obuckeow@sakura.ne.jp,3632743882,1994-06-22,7a36XsGS5
898,Phylys,Balke,pbalkeox@opensource.org,3456822406,1990-04-05,xPjU0HGew
899,Agnes,Pilsbury,apilsburyoy@flickr.com,8899999499,1999-11-23,WQTGheLXI78
900,Ginger,Gile,ggileoz@indiegogo.com,1227304891,1997-08-03,Stx2Nej
901,Vonny,Garratty,vgarrattyp0@wikipedia.org,4542904087,1996-12-20,6bfZcgvmr4
902,Bill,Lacroux,blacrouxp1@weibo.com,7426793165,1998-02-09,3FDbKJHVl
903,Lucio,Cutchee,lcutcheep2@nyu.edu,6734519013,1994-07-24,Ct0V5pHPRFh
904,Florrie,Goscomb,fgoscombp3@tamu.edu,1905503509,1995-03-01,s1ZWXmQaC6OC
905,Arlan,Phayre,aphayrep4@yahoo.co.jp,1528471035,1996-05-08,2PsSc7Qlp
906,Jonis,Fareweather,jfareweatherp5@com.com,5867894239,1991-02-12,1R19F9s0iLZ
907,Blythe,Bewshea,bbewsheap6@reference.com,1378903460,1993-09-27,izzyuimN
908,Marna,Marieton,mmarietonp7@blog.com,1271000620,1995-03-16,eFntckvLXfpE
909,Modesty,Hacquard,mhacquardp8@usa.gov,7133051090,1993-09-19,ITCOWSttd3b0
910,Lonnie,Reinbach,lreinbachp9@cpanel.net,9086095651,1993-05-06,Q4fblHUli
911,Buffy,Millyard,bmillyardpa@acquirethisname.com,9687823659,1997-09-01,gPMz1eIX0YFb
912,Fayth,Creffeild,fcreffeildpb@vinaora.com,2389677620,1996-08-07,4RbeJcavkht
913,Mireille,Vaney,mvaneypc@webeden.co.uk,5753473695,1995-01-10,Fg30CY
914,Helene,Haggerty,hhaggertypd@wisc.edu,3304129151,1999-10-27,QxN6xpg
915,Juline,Baggallay,jbaggallaype@abc.net.au,5945104129,1997-01-09,duCWMg
916,Gabbey,McKennan,gmckennanpf@opera.com,3301604871,1992-02-26,V809IhzZd
917,Leela,Fuggle,lfugglepg@free.fr,2659863016,1990-03-31,JagOyGfc3V
918,Emmaline,Mariaud,emariaudph@yale.edu,5403992966,1998-11-28,MRkXe7WXRvIi
919,Garold,Fussen,gfussenpi@prnewswire.com,5599408265,1990-06-19,cPAN3V4
920,Kare,Easum,keasumpj@meetup.com,7734836840,1994-12-31,EKL9DZ
921,Galina,Bartalin,gbartalinpk@unblog.fr,1716320210,1995-02-18,3G4IrprN950W
922,Jermain,Tommei,jtommeipl@naver.com,5766685581,1991-12-21,XBerfHDBs
923,Sara,Gravell,sgravellpm@newsvine.com,8611870134,1996-06-17,y98dxD
924,Serene,Placide,splacidepn@posterous.com,1571759397,1997-04-13,x4V72jetkUSn
925,Loralyn,Tiller,ltillerpo@spotify.com,1894784297,1995-07-26,vqGfnF
926,Corabella,Slinn,cslinnpp@sbwire.com,3495269375,1997-01-31,CzfZ7V40k1r
927,Orelie,Banck,obanckpq@whitehouse.gov,7422991714,1995-08-22,9xi4KKavyBf1
928,Anjanette,Shannahan,ashannahanpr@jugem.jp,4588911454,1990-09-02,khNGP5mN
929,Lizabeth,Ellice,lelliceps@reddit.com,6334637524,1992-01-19,xgV41r
930,Lorilee,Franchioni,lfranchionipt@angelfire.com,7502114469,1990-07-19,D6fvVoG
931,Tabbitha,Tison,ttisonpu@hao123.com,1652294188,1999-05-20,wlVP6ml57s4
932,Seumas,Frantz,sfrantzpv@mozilla.org,6236706289,1999-02-19,gq7CCyO2K
933,Tomasine,Egdal,tegdalpw@latimes.com,9864976255,1990-06-03,9WDuapHCc3WJ
934,Riki,Giacomuzzo,rgiacomuzzopx@bloomberg.com,5402644680,1990-09-12,RRt6aFh
935,Oby,Blaksland,oblakslandpy@nbcnews.com,8552539999,1997-07-20,1QEQn95QF
936,Bridgette,Haslum,bhaslumpz@cdbaby.com,8652471691,1997-05-14,R6m0Dl
937,Deina,Larder,dlarderq0@4shared.com,9989286574,1995-11-02,xfDRxO
938,Franzen,Allsobrook,fallsobrookq1@exblog.jp,7361570674,1995-05-18,wNQFCH3gVn
939,Winnifred,MacAleese,wmacaleeseq2@miibeian.gov.cn,6414121760,1992-05-12,2jG8bx4tGgq
940,Buck,Skirving,bskirvingq3@nih.gov,7926645043,1993-01-10,Y31yER
941,Katya,Abel,kabelq4@nature.com,3039194661,1990-10-07,4iqUHZ2mW
942,Nikola,Portinari,nportinariq5@hc360.com,5332463287,1990-01-27,u1tIs9Uxj
943,Chrystal,Banthorpe,cbanthorpeq6@tripod.com,3454725632,1998-03-07,p7aKec
944,Hallsy,Dik,hdikq7@yolasite.com,5202653030,1994-04-17,0i44kn
945,Amandie,Blondelle,ablondelleq8@dagondesign.com,9112504716,1991-07-01,ckvgdAVDAJ
946,Ive,Menis,imenisq9@home.pl,9203384892,1993-05-15,J962fy
947,Amalee,Brotherhead,abrotherheadqa@google.ca,1826962881,1996-12-22,PeOv009xcJr
948,Joanne,Perez,jperezqb@xinhuanet.com,2758099284,1992-11-14,PWzcjB
949,Zita,Simonsson,zsimonssonqc@typepad.com,3516780192,1991-12-21,4khRKG
950,Brade,Pietzke,bpietzkeqd@about.com,5101908274,1999-06-03,ZYln3Q
951,Vivianna,Carruthers,vcarruthersqe@aol.com,5936113900,1990-02-22,meFNy9
952,Felipe,Headford,fheadfordqf@edublogs.org,4466305263,1991-07-09,TxwNrXtW9XR
953,Nessi,Esch,neschqg@desdev.cn,3109274935,1999-11-12,VACwqvh
954,Lu,Roddan,lroddanqh@rambler.ru,5611430471,1993-07-31,R3KQw6DebBOB
955,Shena,Benduhn,sbenduhnqi@virginia.edu,7986234094,1991-11-12,SgNJ13UdUGwU
956,Rebeka,Bellam,rbellamqj@networksolutions.com,9342847767,1995-11-09,Krkmq93bnAF
957,Axe,Martyn,amartynqk@sciencedirect.com,7226719924,1990-07-22,VgdCTPaEN
958,Donia,Bereford,dberefordql@va.gov,8116931765,1993-05-16,vRuUOKdAA
959,Allsun,Rampton,aramptonqm@bloglovin.com,8674204966,1999-10-05,SceJYY1ibZ
960,Arvie,Tomsett,atomsettqn@com.com,5922896410,1996-08-20,lpkExJPZK
961,Halette,Speller,hspellerqo@tinyurl.com,5514592879,1998-10-17,x9pyGW
962,Geri,Woodcroft,gwoodcroftqp@mashable.com,5216277955,1997-06-27,CEF0LnA
963,Myer,Gyles,mgylesqq@wunderground.com,6373610717,1998-10-15,mPgrOJkKF7
964,Claudelle,Strongman,cstrongmanqr@blogtalkradio.com,5763197647,1993-08-06,1ZUS4TUc0x1g
965,Andy,Hathway,ahathwayqs@loc.gov,6316208431,1995-04-14,bCXtZl5
966,Geri,Rhoades,grhoadesqt@360.cn,4379037313,1997-11-23,VMw58YXcqWIA
967,Ivy,Joney,ijoneyqu@biblegateway.com,2804557843,1995-03-22,4Vy9pG
968,Muire,Poleykett,mpoleykettqv@prlog.org,1345859200,1991-02-01,Wz4gQgK5iO
969,Melva,Mainston,mmainstonqw@netvibes.com,3918876433,1995-02-07,x0s7ZW7L7szT
970,Adamo,Nolin,anolinqx@wsj.com,2484164170,1991-08-11,whwwqECFa
971,Giacomo,McArdle,gmcardleqy@infoseek.co.jp,6996757778,1997-11-28,us8RDl
972,Vicki,Escalera,vescaleraqz@mail.ru,8644089085,1990-04-13,q3uWIDE
973,Cissiee,McCory,cmccoryr0@wp.com,4063359792,1992-03-14,a3bXPKf
974,Dorita,Connikie,dconnikier1@clickbank.net,7059520726,1996-09-22,eI6WoV2
975,Catriona,Renn,crennr2@mayoclinic.com,8679395535,1999-01-30,KXltQWE9
976,Marilin,MacDonnell,mmacdonnellr3@toplist.cz,5281789162,1999-01-31,OUlaqG4kzJI
977,Jess,Crickett,jcrickettr4@opensource.org,8242581781,1995-10-16,xqhMyDD6
978,Juliane,Benito,jbenitor5@hubpages.com,8527716554,1994-11-17,oI1Omvf9N
979,Sonny,Le Marquis,slemarquisr6@ucla.edu,7668164244,1993-01-09,eg02WojSS
980,Marcelo,Kelemen,mkelemenr7@ucoz.ru,3448699394,1996-10-08,OtvTFmWOS
981,Tara,Radleigh,tradleighr8@npr.org,2041913811,1992-07-01,cqn5WSYP6tU
982,Mimi,Ioselev,mioselevr9@mayoclinic.com,1464965979,1999-10-27,9UQRxo4GcQjV
983,Dion,Kluss,dklussra@wikipedia.org,4433486207,1990-12-01,3cButR
984,Ami,Teal,atealrb@desdev.cn,7338933408,1994-11-27,YRa7kN69E
985,Wendy,Botler,wbotlerrc@blog.com,4836413810,1997-09-10,RgNImb
986,Bunny,Putley,bputleyrd@topsy.com,1411403334,1997-06-07,EhODMzfOVr3L
987,Bentlee,MacGrath,bmacgrathre@meetup.com,6427467748,1992-10-16,rchZlN
988,Erminie,Aulton,eaultonrf@mayoclinic.com,5657419128,1999-06-02,EeBeR6yfdc
989,Ricky,Eke,rekerg@bbb.org,6744076106,1995-02-01,e76Rapzv38MP
990,Enrichetta,Aleksandrov,ealeksandrovrh@mayoclinic.com,2185496269,1991-01-12,7beUpnULCtL
991,Karil,Dounbare,kdounbareri@jigsy.com,1514178322,1993-09-30,IoJLuCPPV
992,Annelise,Randlesome,arandlesomerj@unc.edu,7678744115,1999-07-02,GPDxLdnXXm
993,Cybill,Briston,cbristonrk@gov.uk,7086229254,1994-10-31,UCqWKM8
994,Pepe,Tellenbach,ptellenbachrl@weebly.com,2448083469,1998-12-15,fu6TFaGSvlh
995,Ginny,Fitzsimon,gfitzsimonrm@umich.edu,9517526142,1990-08-10,55QZ0KeTo
996,Tobye,Ugolotti,tugolottirn@sun.com,2312756726,1993-09-27,ty5nOFyhHbhg
997,Antone,Semark,asemarkro@pen.io,1237985260,1993-06-05,cJHGv3RWPL
998,Nert,Ham,nhamrp@hp.com,7281153567,1994-07-21,WuQzzRAfk
999,Garwood,Bernhard,gbernhardrq@fema.gov,2277721650,1991-11-12,4QmMf6XhLGo
1000,Aurora,Tidey,atideyrr@go.com,2125139148,1994-02-08,3V5UBjZEJ
